id_user,timestamp,source,message
4844,11/1/2024,livechat,"""What time is it where u are"""
3985,11/1/2024,livechat,"""What happened to the Cashback piggy?"""
2578,11/1/2024,livechat,"""Deactivated"""
1040,11/1/2024,telegram,"""It says access issues detected"""
4288,11/1/2024,livechat,"""Im in arizona"""
1039,11/1/2024,telegram,"""My free signup bonus doesn‚Äôt work"""
247,11/1/2024,livechat,"""I don't understand what u mean"""
4421,11/1/2024,livechat,"""Im in the us"""
4230,11/1/2024,livechat,"""The bonus of 0.0036... I just added and active but that one isn't showing"""
3713,11/1/2024,livechat,"""Okay hopefully I don't have to bother you anymore I apologize."""
4233,11/1/2024,livechat,"""To withdraw my money I am a continuously paying client"""
4117,11/1/2024,livechat,"""may I upload the document here, and you can tell me if it‚Äôs alright or not?"""
4468,11/1/2024,livechat,"""Hi can i have my depositing currency changed back to Ethereum please?"""
4566,11/1/2024,livechat,"""I am sorry for being so angry but u would be too"""
3848,11/1/2024,livechat,"""ive depoistioed so much everyday"""
4239,11/1/2024,livechat,"""Making sure its to this address"""
1050,11/1/2024,telegram,"""So I basically was undermined and signed up and used my last of my BTC balance to get in with u guys"""
1050,11/1/2024,telegram,"""Sorry"""
1050,11/1/2024,telegram,"""‚ù§Ô∏è"""
4105,11/1/2024,livechat,"""It may be that the bonus has been delayed however I want to check as I‚Äôve usually received it by now every week."""
1053,11/1/2024,telegram,"""I never created another account is it possible someone might have created another account and since it seems that is tr case can you shut it down"""
4659,11/1/2024,livechat,"""I don‚Äôt need bonus and I just want to get my desposit"""
5062,11/1/2024,livechat,"""I already deposited too many time even I had lost"""
4485,11/1/2024,livechat,"""hey I just wanted to know the time my account will be reopened"""
5132,11/1/2024,livechat,"""On my case, i dont huh?"""
4167,11/1/2024,livechat,"""today about a $100 no deposit bonus"""
1059,11/1/2024,telegram,"""I was playing the game 777 slots it took my whole balance and said I have no funds left for my bet which is not right I still had funds in my account this is rediculas and I am not happy at all"""
4190,11/1/2024,livechat,"""as a side note; david was completely unprofessional and almost seemed drunk"""
4227,11/1/2024,livechat,"""Ok. My card is at home and i am at work. I might play some more, and upload details when i have my card with me again."""
4350,11/1/2024,livechat,"""Then my game was glitched then"""
4259,11/1/2024,livechat,"""it‚Äôs already auto collected the jackpot mania now"""
57,11/1/2024,telegram,"""It shows pending and there is a cancel option"""
4145,11/1/2024,livechat,"""weres my game history"""
4621,11/1/2024,livechat,"""The limit was ‚Ç¨150. I then have to pay out the amount. I would like to continue playing"""
5147,11/1/2024,livechat,"""right. okay well have a good day, thank you!"""
1122,11/1/2024,telegram,"""I just deposited money and I did one spin and it took it all away all my money's gone how is that"""
5232,11/1/2024,livechat,"""that's random haha"""
5047,11/1/2024,livechat,"""in othe convo but my phone died"""
4421,11/1/2024,livechat,"""Hello I placed 9th in jackpot spins for last month"""
710,11/1/2024,livechat,"""Payment system account used by another user problem"""
4157,11/1/2024,livechat,"""i am concerned"""
406,11/1/2024,telegram,"""Ok Gotit now thx"""
4073,11/1/2024,livechat,"""But on my end it isn‚Äôt ‚Äúpending‚Äù it says completed"""
4133,11/1/2024,livechat,"""That percentage. Bar has not moved hundreds dollars sits there does it work"""
4958,11/1/2024,livechat,"""\nNone of those reasons applied to me, so can you please check my deposit?"""
2623,11/1/2024,livechat,"""PLEASE CONFIRM I DID NOT QUALIFY FOR WEEKILY CASHBACK"""
4411,11/1/2024,livechat,"""All good for now"""
4756,11/1/2024,livechat,"""I wouldn't have wasted my money like that"""
4134,11/1/2024,livechat,"""Now it says this when I try to play"""
4684,11/1/2024,livechat,"""All you said was both my utility bills were dejected!"""
4857,11/1/2024,livechat,"""I don't know what else to give you!"""
4429,11/1/2024,livechat,"""It says my account is disabled"""
4324,11/1/2024,livechat,"""Credit card australian dollars"""
1327,11/1/2024,livechat,"""Ok again thx"""
4342,11/1/2024,livechat,"""\nI want to withdraw to telegram wallet"""
72,11/1/2024,telegram,"""Never got my free play after my last bitcoin deposit"""
4938,11/1/2024,livechat,"""Sweet I‚Äôll just report it then"""
5391,11/1/2024,livechat,"""I live in the USA"""
1666,11/2/2024,livechat,"""I got kicked off the game and when I lived back in it wwast there"""
4640,11/2/2024,livechat,"""Send me to someone else"""
4834,11/2/2024,livechat,"""I‚Äôm sorry what is the fiat view"""
5266,11/2/2024,livechat,"""None of this applies to me."""
5050,11/2/2024,livechat,"""ok as you say."""
2782,11/2/2024,livechat,"""If you don't mind checking please"""
5514,11/2/2024,livechat,"""I cant enter website"""
4741,11/2/2024,livechat,"""Oh okay then, thanks for help tho!, that was All I had üôÇ"""
4729,11/2/2024,livechat,"""Is there 100 free spin sign up bonus"""
5152,11/2/2024,livechat,"""because they were credited immediately then"""
5465,11/2/2024,livechat,"""What time did I make the deposit"""
4747,11/2/2024,livechat,"""that‚Äôs why I chatted in to ask when they‚Äôd be credited.  I don‚Äôt have special needs, if they were showing as expired I wouldn‚Äôt ask when they‚Äôll be credited.  I would‚Äôve asked for an exception"""
4507,11/2/2024,livechat,"""maybe I bet too much"""
1498,11/2/2024,livechat,"""it was buy bonues"""
5256,11/2/2024,livechat,"""Are you guys gonna put money in my fucking account because of your game glitching I bet fucking not"""
268,11/2/2024,telegram,"""I was. Credited 60 an I activated it but it d not showing up"""
4954,11/2/2024,livechat,"""No that's all"""
752,11/2/2024,livechat,"""I had wagered through"""
4566,11/2/2024,livechat,"""can i get some free spins please"""
5098,11/2/2024,livechat,"""The spins wasn‚Äôt working so I canceled them bc I thot it would come thru after.."""
1934,11/2/2024,livechat,"""Hello Paul"""
2318,11/2/2024,livechat,"""Deactivated"""
4737,11/2/2024,livechat,"""It even said it on your signup page"""
4495,11/2/2024,livechat,"""It went straight to you"""
5474,11/2/2024,livechat,"""Can you send me new ppasdword"""
4526,11/2/2024,livechat,"""I need to speak with someone higher up cause this is bs"""
1861,11/2/2024,livechat,"""I was wondering how to I claim the second part of my welcome package? Last time for the first part you guys manually entered my free spins"""
5237,11/2/2024,livechat,"""entering into our country and stealing the money. it's a violation to the country laws and harming the country economy and potentially committing financial frauds and thefts"""
302,11/2/2024,telegram,"""Expired. I just received them a few days ago. I cannot use them until I am either out of funds or cash out correct? I work on receiving those by playing real money. Why would they expire so quickly before I get a chance to use them?"""
302,11/2/2024,telegram,"""Hello, I had 20, 30 & 75 free spins. They have been removed from my account. Please advise."""
4668,11/2/2024,livechat,"""Hi was in a bonus and it didn‚Äôt pay me my winnings"""
2047,11/2/2024,livechat,"""It was to u guys"""
5045,11/2/2024,livechat,"""Ok thankyou"""
1232,11/2/2024,telegram,"""I tried to withdrawl money from your site it says on my transactiion it was cancelled"""
176,11/2/2024,telegram,"""Hello I know how to find the equivalent code the second three bonuses and I do not know how to do please and we hope to help"""
176,11/2/2024,telegram,"""I wish to help me to know where the reward code is"""
2939,11/2/2024,livechat,"""I sent 6 or 7 yesterday"""
5662,11/2/2024,livechat,"""One second I'll get it for you"""
68,11/2/2024,telegram,"""I figured :/ thanks anyways ‚ù§Ô∏è"""
2947,11/2/2024,livechat,"""About the VIP program"""
5657,11/2/2024,livechat,"""Do you have a data leak? Why am i getting this"""
1213,11/2/2024,telegram,"""I never received my deposit from moonpay"""
1833,11/2/2024,livechat,"""Where and how?"""
4760,11/2/2024,livechat,"""I cant ringt in english  sorry bur you can translater"""
1277,11/2/2024,telegram,"""what other accounts are linked"""
5104,11/2/2024,livechat,"""It‚Äôs not about that it‚Äôs about the algorithm"""
6142,11/2/2024,livechat,"""I appreciate that was just sensing to cover my basis thanks again I‚Äôll be despairing again soon gotta get that next level lol"""
5642,11/2/2024,livechat,"""I would like to close/delete my account"""
4785,11/2/2024,livechat,"""I have been using this site long time so I know when to get them or what not"""
5493,11/2/2024,livechat,"""n then its not there"""
1468,11/2/2024,livechat,"""Can you say me where is my lvl up bonus?"""
3772,11/2/2024,livechat,"""It has been over an hour"""
5055,11/2/2024,livechat,"""I think i dont get them :("""
5959,11/3/2024,livechat,"""the game with 163 won"""
1292,11/3/2024,telegram,"""Did u enjoy our chat?"""
5173,11/3/2024,livechat,"""And that‚Äôs fine but you stated above that ‚Äúas far as you can see the games paid me accordingly‚Äù"""
2191,11/3/2024,livechat,"""Also had a couple identity breaches"""
4835,11/3/2024,livechat,"""It said cash out time 6 mins"""
5206,11/3/2024,livechat,"""Hi I‚Äôm trying to activate my 20 free spins and once I select game it just won‚Äôt load is there something wrong with your end or can you help me activate"""
493,11/3/2024,livechat,"""i clicked on the 25 free spins in my account rewarda but it isnt doing the bonus spins?"""
4290,11/3/2024,livechat,"""Yesterday I tried to cash out"""
130,11/3/2024,telegram,"""That doesnt make any sense whatsoever there is no logic in that and the fact that you are secretive about it makes it seem unjust especially when it's going incredibly slow ...  I had to have spent close to 500$ if not more to get 65 percent of the way there? Guaranteed out of the 100 spins I will win about thirty six cents."""
1300,11/3/2024,telegram,"""I activated my 100 free spins but I had to refresh my page after only 3 but when I did the rest of my free spins aren‚Äôt loading"""
1300,11/3/2024,telegram,"""I tried everything you suggested and they still don‚Äôt work"""
5954,11/3/2024,livechat,"""I tried all that"""
5848,11/3/2024,livechat,"""I‚Äôm in Australia"""
1367,11/3/2024,livechat,"""it is saying my account is dissabled"""
3773,11/3/2024,livechat,"""I have since made a new account but I'm very hesitant to even use your site anymore"""
4682,11/3/2024,livechat,"""Give me mynmoney"""
5439,11/3/2024,livechat,"""my friends in Australia can login"""
4971,11/3/2024,livechat,"""You said jack can you.please release.my account free ? You guys locked it up a few days back but I am hoping with time for good behavior you will consider nearly release"""
6075,11/3/2024,livechat,"""Yes it's my friend's WiFi"""
5201,11/3/2024,livechat,"""Can I ask that when ur talking to me that u actrully only talk to me"""
577,11/3/2024,livechat,"""Hey Adam are second chance spins going out soon"""
5638,11/3/2024,livechat,"""Why is my pending deposit link coming up to a page showing a error"""
5109,11/3/2024,livechat,"""  If it did just cancel my account olease"""
956,11/3/2024,telegram,"""I sent some XRP from wallet to my account but did not see the memo before sending.... will this still credit to my account?"""
5927,11/3/2024,livechat,"""Because it‚Äôs impossible to win and I don‚Äôt feel like wasting anymore money"""
5137,11/3/2024,livechat,"""But when I don‚Äôt have the amount on my account to bet it will not bet /spin and I did not have 5000 to bet in the first place it was chosen in error so why did it dpin"""
2001,11/3/2024,livechat,"""Thus making it where people don't have to do this every time they are confused and or wondering why they have became an inactive player all of a sudden"""
4897,11/3/2024,livechat,"""Aha now i got it"""
5540,11/3/2024,livechat,"""Whaaaa I only have one account"""
5333,11/3/2024,livechat,"""I haven‚Äôt received the money back from a deposit I attempted. It was deducted from my account - I will show you the screenshot"""
3122,11/3/2024,livechat,"""My identity was frauded barely got my credit card in mail"""
6205,11/3/2024,livechat,"""is that it?"""
6138,11/3/2024,livechat,"""will I lose the bonus money?"""
5724,11/3/2024,livechat,"""Hello I was promised 100 free spinn by signing up.  I just receive 20?"""
5705,11/3/2024,livechat,"""what region can I use I have vpn"""
1321,11/3/2024,telegram,"""When I log in it says there is account issues detected at the top of my screen in a red box"""
6273,11/3/2024,livechat,"""I know I havnt got my bonus after i made a deposit for it in that timeframe"""
5219,11/3/2024,livechat,"""no one else has logged in to my internett adress, and i‚Äôve only played at my Internett. This is so wrong"""
5069,11/3/2024,livechat,"""when do I Get or back then?"""
2076,11/3/2024,livechat,"""I van ask.somebody why my transactjon is still pending?"""
6159,11/3/2024,livechat,"""I don't see it"""
1327,11/3/2024,telegram,"""Because I can not deposit using the card option as it has been taken away a while ago and I do not know how to use cryptocurrency"""
1893,11/3/2024,livechat,"""I know I glitched or got robbed"""
6176,11/3/2024,livechat,"""Hi I remove daily limit get emeil clicking and it‚Äôs not remove show"""
6074,11/3/2024,livechat,"""Then you is it that the promotion that i used said 100 free spins not 20"""
5221,11/3/2024,livechat,"""So when do I get my bonus"""
6063,11/3/2024,livechat,"""can I send to casino email address directly"""
5656,11/3/2024,livechat,"""said that can not send and was on red"""
4978,11/3/2024,livechat,"""Hi , why isint the Monday bonus showing up for me ?"""
5483,11/3/2024,livechat,"""It was still active and I didn‚Äôt receive the promotion"""
2061,11/3/2024,livechat,"""I'm deposited like 30 minutes ago it has like six confirmations but I don't see in my account"""
6159,11/3/2024,livechat,"""It gives an option of Coinbase or it looks like a bitcoin symbol and an address. Do I click the bitcoin symbol address not Coinbase? Sorry."""
1281,11/3/2024,livechat,"""bit starz treasures with ltc coin"""
5803,11/4/2024,livechat,"""I did so but it wasn't a code"""
5157,11/4/2024,livechat,"""Hi I cashed out last week Thursday, I had to infill new details because my previous ones were no longer there. The cash out has been cashed out since Thursday and I‚Äôm still yet to receive it in my account"""
5092,11/4/2024,livechat,"""Quiero jugar desde espa√±a y no me deja"""
5453,11/4/2024,livechat,"""it was very fast and i was happy"""
5648,11/4/2024,livechat,"""Hi im sorry this is the 3rd or 4th time they connect me to a speciist"""
6102,11/4/2024,livechat,"""I mean they didn't give me free games today they usually give me when I deposit."""
579,11/4/2024,livechat,"""What.... why would your system allow that to happen this is faulty"""
5357,11/4/2024,livechat,""" I tried uploading a pdf version but it will not download"""
756,11/4/2024,livechat,"""What's that mean?"""
5253,11/4/2024,livechat,"""What size?"""
5074,11/4/2024,livechat,"""No that will be it but it won't let me go to the top of the page to to leave a like by your name??"""
5632,11/4/2024,livechat,"""Ok I will do that now"""
6012,11/4/2024,livechat,"""didn‚Äôt get that option"""
5425,11/4/2024,livechat,"""why did you just lie to me tho"""
5645,11/4/2024,livechat,"""Well, I have to sign that it was sent"""
2201,11/4/2024,livechat,"""I want talk somebody about cashout"""
925,11/4/2024,livechat,"""Ok to not bother you..most easy way is new id new acc and play..tnx on answers"""
5199,11/4/2024,livechat,"""No there hasn‚Äôt been"""
6416,11/4/2024,livechat,"""Hi, I‚Äôm trying to do a withdrawal but it‚Äôs not remembering my bank transfer details and I wanted to know why"""
2399,11/4/2024,livechat,"""Yes but is almose 24h and is still pending and i dont get any email what is the reason"""
4999,11/4/2024,livechat,"""Am i doing something wrong here or wats the deal? I don't wanna miss out on the sign up fs bonus üôÑ"""
5925,11/4/2024,livechat,"""Iok thank you as the options to withdraw had changed"""
1627,11/4/2024,livechat,"""I didn't see any of my bonuses except for one"""
6396,11/4/2024,livechat,"""It's been 90 minutes since I requested it, are you sure everything is ok?"""
5228,11/4/2024,livechat,"""Hey Sean, how are you?"""
4223,11/4/2024,livechat,"""Only with my New card"""
6302,11/4/2024,livechat,"""Hi  I was sent this promo to email and it doesn't seem to be working"""
6161,11/4/2024,livechat,"""It says everything went well"""
2625,11/4/2024,livechat,"""hi i have a really big problem"""
5712,11/4/2024,livechat,"""What about the week before that"""
4909,11/4/2024,livechat,"""this is a really bad platform"""
6092,11/4/2024,livechat,"""Yes one moment please"""
6261,11/4/2024,livechat,"""hello is allteady opening mi account."""
5266,11/4/2024,livechat,"""Free spins"""
5696,11/4/2024,livechat,"""I‚Äôm not used to minimum requirements on the amount of crypto I need to send and sent less than the minimum for bnb coin"""
2214,11/4/2024,livechat,"""still here and 1 is gone"""
6101,11/4/2024,livechat,"""How to play"""
6537,11/4/2024,livechat,"""Ok so i convert to eth erc-20 at the same time"""
6039,11/4/2024,livechat,"""reenable my accoun"""
5149,11/4/2024,livechat,"""whats your position"""
5111,11/4/2024,livechat,"""in my email. and I would like to know how to activate it because I went to make a deposit, I entered the code and it says it was not registered. and so I did nothing and sent to you. what should i do?"""
6318,11/4/2024,livechat,"""So when I try to log in it keeps saying wrong password try again"""
2503,11/4/2024,livechat,"""Hello nova"""
6142,11/5/2024,livechat,"""My free ten spins"""
5469,11/5/2024,livechat,"""Nvm I got what you said thank u it's working now"""
6419,11/5/2024,livechat,"""hey i didnt get my weekly free spins"""
146,11/5/2024,telegram,"""It is in blockchain"""
5678,11/5/2024,livechat,"""I was logged out bc I sent btc transaction twice"""
6144,11/5/2024,livechat,"""Yes l have checked"""
5777,11/5/2024,livechat,"""Alright thank you"""
5944,11/5/2024,livechat,"""OK hold on"""
5751,11/5/2024,livechat,"""ol ill upload it again then ;-)"""
506,11/5/2024,livechat,"""Cuz I didn't receive it in my account I didn't receive it in my account"""
5455,11/5/2024,livechat,"""Still facing issues"""
6072,11/5/2024,livechat,"""It's a scam. Nobody gets paid from \""free sign up spins\"""""
5700,11/5/2024,livechat,"""I made a transfer"""
5196,11/5/2024,livechat,"""after but got that"""
6520,11/5/2024,livechat,"""Okay great thank you"""
2218,11/5/2024,livechat,"""I clicked yes to the offer then deposited 150"""
5366,11/5/2024,livechat,"""Are you joking me? You can't provide anything?"""
1774,11/5/2024,livechat,"""Its Monday where I live"""
6655,11/5/2024,livechat,"""Are you going to answer me or what"""
6579,11/5/2024,livechat,"""No, if it‚Äôs a technical issue then I want my fucking money back all thousand dollars of it"""
6042,11/5/2024,livechat,"""I would like to request a CASH BONUS based on my consistent PLAY FOR ALMOST A YEAR!! I have never withdrawn!!! I just keep pumping money into this site without any player advantages at all!!!!"""
2553,11/5/2024,livechat,"""Deactivated"""
5833,11/5/2024,livechat,"""Hello I was playing ur game crash and it just started taking my money and freezing and kept on repeat taking Money and starting to repeat I couldn't do nothing"""
6347,11/5/2024,livechat,"""Why in the fuck are you stealing my money? How come I haven‚Äôt been able to hit a bonus in over $1000?"""
6348,11/5/2024,livechat,"""what promos can i have please"""
5208,11/5/2024,livechat,"""and you never provide any customer support other than copy and paste messages"""
5977,11/5/2024,livechat,"""slots* and I won‚Äôt accept the bull shit 20 cent free spins"""
2403,11/5/2024,livechat,"""Please David"""
5723,11/5/2024,livechat,"""And it still hasn't credited correct"""
4847,11/5/2024,livechat,"""Theres nothing wrong with the bill"""
6632,11/5/2024,livechat,"""It messed up on the last round I played"""
6447,11/5/2024,livechat,"""Ok It‚Äôs up to u I‚Äôm cool"""
1440,11/5/2024,telegram,"""Pending was blue before"""
2613,11/5/2024,livechat,"""I was just in a chat with Paul, are you able to put me back on to him?"""
5948,11/5/2024,livechat,"""Oh one more thing"""
6315,11/5/2024,livechat,"""Oh hi there Mia!"""
5213,11/5/2024,livechat,"""Hi. Can you put me with a live support agent please?"""
2250,11/5/2024,livechat,"""Thank so much I really  appreciate  it"""
1702,11/5/2024,livechat,"""Hello Harvey I need a new wallet address so I can deposit to the site for some reason it is not allowing me to send to that wallet anymore"""
4327,11/5/2024,livechat,"""Have a great day I will let you go I could talk to you all day LOL"""
3893,11/5/2024,livechat,"""Told you the winnings of the $25 was the final winning of all of the spins that triggered the free spins"""
3105,11/5/2024,livechat,"""Without being disastrous right LOL never wanted to do that but I do want to display how I feel For someone to visualize very well in their mind"""
5419,11/5/2024,livechat,"""Didnt get enough bonus of How much i deposit last day I think"""
1183,11/5/2024,livechat,"""That's the screen shot if the block chain that shows that I successfully  deposited onto my account. And I waited till today to contact you guys, because I wasn't sure if the bonus came on right away, or if it came on the next day"""
1675,11/5/2024,livechat,"""The money has not been returned to my bank account"""
1468,11/5/2024,telegram,"""I don't see my deposit"""
6564,11/5/2024,livechat,"""and sorry if I made you upset"""
2754,11/5/2024,livechat,"""Hi I have a question about 200 free spins"""
6634,11/6/2024,livechat,"""This  is my polish id"""
1831,11/6/2024,livechat,"""This is only one of 200 spins am talking about"""
6689,11/6/2024,livechat,"""The Halloween voodoo"""
5866,11/6/2024,livechat,""" this past week I put a lot of money into this casino"""
6250,11/6/2024,livechat,"""I know I was betting real money ok"""
6423,11/6/2024,livechat,"""yes it closed years ago - I will try and find where the money is now I have th bsb abs the account number"""
2414,11/6/2024,livechat,"""I wae just given 10 free spins plAyed them and won a big win on the free games then it said i was i fun mode and reissued 10 more spins why did you all reset te VC ame because won. This is the sec otime"""
6255,11/6/2024,livechat,"""3.1.2 last 4 lines"""
5984,11/6/2024,livechat,"""Okay so how do I request it.  Like 0.002 is too much but the 0.001 is only 71"""
5942,11/6/2024,livechat,"""None of these apply to me"""
6673,11/6/2024,livechat,"""Hello. Can you please add code 170mania bonus for me please. I made 2 separate deposits. Support said they would add it manually. I didn‚Äôt have enough after my first depoait"""
6202,11/6/2024,livechat,"""no I click on the game gemza under rewards and it takes me to the game just doesn‚Äôt play the free spins"""
6288,11/6/2024,livechat,"""I made a deposit of $30. And the rates must have changed at the very last second, and it's just barely under the minimum.Can you please push it through"""
5556,11/6/2024,livechat,"""hey Nicholas"""
2787,11/6/2024,livechat,"""I withdrew some money and was only supposed to allow me $100 but y'all let me withdraw $110. I thought y'all would take it and then I put more back in I just want to make sure this won't screw me like last time"""
5505,11/6/2024,livechat,"""on my account page"""
6573,11/6/2024,livechat,"""Oh ok      wow."""
5778,11/6/2024,livechat,"""Should I try again?"""
5562,11/6/2024,livechat,"""Hi, I've deposited some ethereum but it has not credited my balance yet"""
3614,11/6/2024,livechat,"""Can you please ask someone if something can be done here"""
6833,11/6/2024,livechat,"""I tired to use the Wednesday special but it didn't work"""
6062,11/6/2024,livechat,"""Simply a waste of of time for me to have explained or Elaborated the situation when you don‚Äôt give a damn let alone do anything about it"""
3209,11/6/2024,livechat,"""So from $50 there was no win"""
6607,11/6/2024,livechat,"""So at least I know the details are correct"""
3041,11/6/2024,livechat,"""How much money have you guys taken so far from people who have not made the minimum deposit amount ? Millions?"""
127,11/6/2024,telegram,"""Hahaha sweet, thanks"""
1816,11/6/2024,livechat,"""Need to talk about my money"""
2885,11/6/2024,livechat,"""COMPENSATE"""
424,11/6/2024,telegram,"""where are the free spins i thought i got when i deposited"""
2700,11/6/2024,livechat,"""I would like to ask for a refund. I played Wild Bingo and bet one time. I thought I was placing my second bet and then the 3rd one but it uped m,y bet instead to 15 bucks i thought i was pushing the button to spin not place a higher bet"""
2976,11/6/2024,livechat,"""my account on skrill, i use 2 adresses one is primary the other one secondary i can use them both"""
127,11/6/2024,telegram,"""Your support is good"""
2381,11/6/2024,livechat,"""Plus I don‚Äôt wanna have more than one and I thought I had one on my current email address I‚Äôd like to just make sure I only have one please forgive me"""
1874,11/6/2024,livechat,"""Well this one has money on it"""
2426,11/6/2024,livechat,"""I didn‚Äôt play yet"""
1579,11/6/2024,livechat,"""could you tell me how many ltc confirmations I have"""
6459,11/6/2024,livechat,"""another one"""
107,11/6/2024,telegram,"""Is there something wrong with your games?"""
3232,11/6/2024,livechat,"""I‚Äôm good also , Okay thank you"""
2656,11/6/2024,livechat,"""I still have not receive"""
3048,11/6/2024,livechat,"""I know that I already opened a ticket. But meanwhile I feel scammed and I read I lots of forums, that there are many people with the same Problem and they Never saw the money back. They used all the same payment Method Like me"""
3190,11/6/2024,livechat,"""I deposited 3x last night can you tell me how mich I'm eligible for"""
1302,11/6/2024,telegram,"""Why is this not available other sites do for loyal players"""
446,11/6/2024,telegram,"""What games do i have to play for my bonus wager??"""
5383,11/6/2024,livechat,"""I want to cash out"""
448,11/6/2024,telegram,"""I took hours deciding who I was going to choose to make my home for online gambling after having tried at least 30 different sites.  Yours looks the most legit, great games. And I thought the offers were upfront. I read that offer so many times making sure I get value for money."""
1200,11/6/2024,livechat,"""I am not talking about ltc"""
2378,11/6/2024,livechat,"""I don‚Äôt know how this happened. I have two factor authentication on and everything. This is ridiculous."""
254,11/6/2024,livechat,"""The last 3 deposits I have not received"""
191,11/6/2024,livechat,"""I got disconnected from another chat about me not receiving 3 deposits"""
310,11/6/2024,telegram,"""NICE!!!!"""
2766,11/6/2024,livechat,"""and what is the bonus I have gotten in return"""
1215,11/6/2024,telegram,"""Sorry. I made a mistake.   Sent USDT to eth address.  So it is not showing in balance    Please add 8.4 USDT now."""
224,11/6/2024,telegram,"""Hi my birthday was yesterday and I didn‚Äôt get gift ü•≤"""
285,11/6/2024,telegram,"""Why didn't I receive spins"""
265,11/6/2024,telegram,"""My deposit it says error and pending"""
2119,11/6/2024,livechat,"""I deposited over 100 dollars"""
3413,11/6/2024,livechat,"""Can you take off the bonus?"""
3039,11/7/2024,livechat,"""They say finished not played. As you can see there‚Äôs no wager even set"""
463,11/7/2024,telegram,"""Hi I need to verify my email address but I dnt have access to my email anymore my registered email is ****@gmail.com"""
2472,11/7/2024,livechat,"""Can I speak to a rep"""
2291,11/7/2024,livechat,"""Look for the gambling license. you will need that. No company with a valid gambling license is allowed to act like this!!"""
2311,11/7/2024,livechat,"""on that first page i lost 8 and won 2"""
2152,11/7/2024,livechat,"""What are you talking about?It's still Wednesday before then.It's only wednesday at five o'clock"""
355,11/7/2024,telegram,"""Can you look and see what's going on with my deposit that I made recently but it's been over an hour"""
3060,11/7/2024,livechat,"""Yes need to change my email and phone I email but no changes"""
3440,11/7/2024,livechat,"""I can‚Äôt find it anywhere in the history I seen it clearest day popped up on my screen. I had the big pink banner saying level 15 reached you‚Äôve been awarded $200."""
3264,11/7/2024,livechat,"""When I first started playing the alien fruits two game I saw level up reached you have been awarded $200. I didn‚Äôt stop to check it or anything."""
3307,11/7/2024,livechat,"""I had just made a deposit not too long before and it went through just fine with the same amount"""
2120,11/7/2024,livechat,"""I win a jackpot"""
3051,11/7/2024,livechat,"""Were did my money go if I cashed out"""
2404,11/7/2024,livechat,"""Hi Lisa how r u"""
2562,11/7/2024,livechat,"""Hello , today I received the Wednesday free spins and so I started playing them and then something came up where I had to set my phone down and so because of that I was logged out . Whenever I try to go back to the game I was playing with the free spins that I had never finished, it doesn't go back too my free spins like it normally does."""
475,11/7/2024,telegram,"""Why is my cash out takes long"""
5002,11/7/2024,livechat,"""otherwise i dont deposit"""
2720,11/7/2024,livechat,"""Which other active do i need to remove to get my withdrawal from last week"""
2119,11/7/2024,livechat,"""I signed up but didn't get my 100 spins no deposit"""
3072,11/7/2024,livechat,"""Was that the same as before"""
2399,11/7/2024,livechat,"""if you would look at my deposit history i made it all within the required time frame"""
482,11/7/2024,telegram,"""I tried to login and it keeps saying my account is disabled"""
3305,11/7/2024,livechat,"""I did check my history, they were offered but I missed the email"""
2367,11/7/2024,livechat,"""No deposit free spins are not in my account.    But I was emailed this offer"""
2658,11/7/2024,livechat,"""Why don't you recommend me for vip"""
5244,11/7/2024,livechat,"""i ask for lossing rebate"""
1125,11/7/2024,livechat,"""J dizzle. I can see that a transfer  is still pending. Can we cancel that then ill try again?"""
2661,11/7/2024,livechat,"""Heu I did it withdrawal and then it said it went through when I verified my email but then I just seen another email came through where it said to put my name last name and birthday and my account thing I did that and saved it so now what do I need to do next I've never had this happen to me I don't know what's going on like this is never happened words taking this long or that I've had to do anything like that when I've been gambling with Bitcoin I don't know what's going on can you help me get this taken care of"""
2966,11/7/2024,livechat,"""i didnt receive my money either"""
1974,11/7/2024,livechat,"""I was in the middle of a game with a high bet and during the game it kicked me out and I lost all my damn money. My Internet is super so I need to know what kind of scam is this site to kick people in middle of bets like that"""
2021,11/7/2024,livechat,"""Its a screenshot"""
144,11/7/2024,telegram,"""I am having trouble with alien fruit 2 it‚Äôs stalled mid bonus round and I‚Äôve cleared history checked my network and restarted and logged out. Not on my end can someone please check into this bc it died this everytime open it. It just froze mid session"""
505,11/7/2024,telegram,"""My Bch didn't received on deposit"""
1267,11/7/2024,livechat,"""Are they issued automatically"""
509,11/7/2024,telegram,"""Wondering why my LTC deposit isn‚Äôt showing up"""
1383,11/7/2024,livechat,"""It's been off"""
2801,11/7/2024,livechat,"""Makes no sense if I have free spins and click on the play before it expires"""
2491,11/7/2024,livechat,"""Im not understanding this game"""
3372,11/7/2024,livechat,"""It‚Äôs not allowing me to confirm my cashout request."""
2355,11/7/2024,livechat,"""Because I did all of those things"""
2236,11/7/2024,livechat,"""Ok I'll try"""
3551,11/7/2024,livechat,"""You want a screen shot of the 40$ I sent today from my cash app ?"""
3730,11/7/2024,livechat,"""i am still witing for my withdrawal that as succesful on the 2 nov. can you please double check with your accounts department. thanks"""
912,11/7/2024,livechat,"""ok thanks for your time an help"""
498,11/7/2024,telegram,"""I was wondering if If you had. A vip transfer program I play with stake and now I‚Äôm on big profit , I have 5 stake diamond account but they not really hornest about bonus"""
2224,11/7/2024,livechat,"""O refresh the computer twice and still that pop s up"""
522,11/7/2024,telegram,"""how to witdraw?"""
3450,11/7/2024,livechat,"""Okay so earlier about an hour ago I requested a cash out and it says it was processed but I don't see the money there yet"""
951,11/7/2024,telegram,"""I should have free spins"""
523,11/7/2024,telegram,"""I hit the minor jackpot but didn't get it..."""
131,11/7/2024,telegram,"""Waiting on the right hammer"""
2838,11/7/2024,livechat,"""Ah nvm I see why"""
2449,11/7/2024,livechat,"""Was wanting to know why I keep getting rejected for my documents that have my name in full and account number . I want my damn money"""
6554,11/7/2024,livechat,"""So it hasn't been sent by thr payment provider"""
2746,11/8/2024,livechat,"""Can I please get my free spins that I missed"""
2745,11/8/2024,livechat,"""Why has my account been disabled"""
3448,11/8/2024,livechat,"""I never received my Wednesday free spins"""
3597,11/8/2024,livechat,"""THEY WONT DO SHIT"""
539,11/8/2024,telegram,"""Changed from Samsung to iPhone. Should I update my email address to my iCloud?"""
164,11/8/2024,telegram,"""Just need to check on a Bitcoin deposit"""
1341,11/8/2024,telegram,"""You guys have done it several times before though"""
164,11/8/2024,telegram,"""Okay thank you and sorry"""
3112,11/8/2024,livechat,"""i feel like my winnings are a bit low"""
2480,11/8/2024,livechat,"""Didn‚Äôt resolve issue"""
5136,11/8/2024,livechat,"""Can you look at my account"""
2374,11/8/2024,livechat,"""I have Open my Account with this offer"""
1337,11/8/2024,telegram,"""Hi, I hate to take the time to do this, but can you check to see if maybe there was an error with my last BJ hand, bet ID: 810c4393\nBecause my balance was 0.4 LTC, I bet 0.2 and it was a push.\nThen I bet 0.2 again and when I was unable to double down, I realized it was saying I only had 0.1 LTC left in my balance"""
3424,11/8/2024,livechat,"""whats the maxium i can wager at any slot"""
3942,11/8/2024,livechat,"""can we see if i have any that can be re added plz id really appreciate it"""
3211,11/8/2024,livechat,"""So if I'm done with the bonus why can't I play my money"""
1020,11/8/2024,livechat,"""Always deposit 100.00 even tried 110 and it still disabled or shuts me down in a game"""
6375,11/8/2024,livechat,"""Yes I received the processed email on the 3rd. The status also has been marked as processed for about 4 days now. There was no pending documents asked of me. I think it is time for the support team, thank you Dave."""
3571,11/8/2024,livechat,"""Why I need them right now"""
3239,11/8/2024,livechat,"""Where is my money and why did my withdrawal cancel"""
2959,11/8/2024,livechat,"""Hey they said I had 2or 3 more boneses for my bday"""
297,11/8/2024,telegram,"""Can you pls check if i have pending deposit?"""
578,11/8/2024,telegram,"""Thank you"""
579,11/8/2024,telegram,"""Hey I can‚Äôt play jackpot mania???"""
2793,11/8/2024,livechat,"""Why you canceld my widraw"""
2637,11/8/2024,livechat,"""And?!?!?!?"""
222,11/8/2024,telegram,"""I hit the jackpot the other day in the mania and wasn‚Äôt paid out"""
2812,11/8/2024,livechat,"""I undstand I did use two rewards today"""
222,11/8/2024,telegram,"""Where can I check my history of jackpot mania days"""
593,11/8/2024,telegram,"""My 75 free spins aren't working"""
592,11/8/2024,telegram,"""Why my account is disabled"""
861,11/8/2024,livechat,"""I can't get the games to open up all all it shows something went wrong"""
2747,11/8/2024,livechat,"""btc adress"""
3558,11/8/2024,livechat,"""did I not qualify for Friday cash bonus"""
3439,11/8/2024,livechat,"""Ok so all is working Fine again? I ll cashout 100 and keep the Rest and Play"""
3424,11/8/2024,livechat,"""that the withdrawl has failed to my Credit Card"""
3374,11/8/2024,livechat,"""Can I talk to someone for withdrawals pls"""
3457,11/8/2024,livechat,"""Dont Cash out now plsüòâ"""
3754,11/8/2024,livechat,"""I want to know why you guys   are delaying my withdrawal. All documents have been approved except back of credit card it's still pending for no reason"""
2603,11/8/2024,livechat,"""Hello how are you today?"""
2911,11/8/2024,livechat,"""Deposit not reflecting"""
2006,11/8/2024,livechat,"""That's a lot"""
3978,11/8/2024,livechat,"""What I should've do?"""
3507,11/8/2024,livechat,"""Hey Nicholas"""
3058,11/8/2024,livechat,"""How much can I cashout?"""
890,11/8/2024,livechat,"""could I get a set"""
3203,11/8/2024,livechat,"""I mean I put a lot of money on here to not win anything"""
3551,11/8/2024,livechat,"""Hi sorry we got disconnected"""
3657,11/8/2024,livechat,"""I haven‚Äôt even gotten a 10 spin or nothing"""
3107,11/8/2024,livechat,"""And it just happened again at 6 dollars"""
3763,11/8/2024,livechat,"""I need someone e"""
3667,11/8/2024,livechat,"""Man you guys are getting a really bad review I won 1500 u took that after that I played that j money thing won over 200 and something said the minor I haven't seen that"""
3543,11/9/2024,livechat,"""Did they pay me yet ?"""
2887,11/9/2024,livechat,"""Didn‚Äôt see it"""
2966,11/9/2024,livechat,"""That's strange, it is a pre paid card bought for this purpose. The card is only for online gambling and sports betting."""
2704,11/9/2024,livechat,"""I'm sorry I didn't know that"""
2687,11/9/2024,livechat,"""Here goes nothing , till next time Levi , love you  , be in touch soon ,thanks again you deserve a raise"""
3533,11/9/2024,livechat,"""I was just chatting with you guys about 3 minutes ago and I was playing a game and I got out of my game and I went to go into another and it went into a glitch and when I came back to my homepage all my money was gone you guys suggested to me a few things that I should do to see if my money would come back but it didn't"""
5991,11/9/2024,livechat,"""i didnt attempt doing that"""
3328,11/9/2024,livechat,"""yeah me too , but it‚Äôs like I wasted my life the last 20yrs , this would have been the time to live with both incomes and kids out of house"""
3752,11/9/2024,livechat,"""you can see I‚Äôve been with bot stars a long time"""
3118,11/9/2024,livechat,"""Ill send u the screen shot i took 1 sec"""
4008,11/9/2024,livechat,"""Okay well if I sent the wrong amount on accident can you pls replace with a bonus"""
279,11/9/2024,telegram,"""Hey can you tell me If my cashout is correct it says failed"""
5178,11/9/2024,livechat,"""the last agent got angry and terminated the conversation"""
3394,11/9/2024,livechat,"""I made a deposit and became lucky m mom told me about it"""
647,11/9/2024,telegram,"""I did not play that game. I just went to it, but I never played it."""
647,11/9/2024,telegram,"""I had $200 or better in my account and I didn‚Äôt go to and it says that I played on roulette and I did not play roulette. It took all my money. I want my money back in my account. I did not play roulette. I opened up the account. I did not play it at all, and Some took my money."""
642,11/9/2024,telegram,"""I‚Äôm out of patience. My Patience ended 12 hours ago!"""
646,11/9/2024,telegram,"""Thanks"""
2124,11/9/2024,livechat,"""Yes I have & still haven‚Äôt received credit in my account"""
649,11/9/2024,telegram,"""Your website said if I make a deposit it would be matched 100% up to 100 dollars+180 free spins"""
649,11/9/2024,telegram,"""Your not a bot your a actual person"""
2988,11/9/2024,livechat,"""great, thank you"""
3019,11/9/2024,livechat,"""Hello there"""
3383,11/9/2024,livechat,"""It's from me depositing"""
4097,11/9/2024,livechat,"""What the minimum"""
4005,11/9/2024,livechat,"""Can you closed my old account"""
3706,11/9/2024,livechat,"""I am not getting my fund?"""
3414,11/9/2024,livechat,"""I am so just really wanting to know if your casino will be the best I can spend money with I hope you can help me with a good bonus"""
658,11/9/2024,telegram,"""Oh I thought you were a hero üíî"""
3528,11/9/2024,livechat,"""Yes then made another deposit"""
3983,11/9/2024,livechat,"""Where is mine this week???"""
3258,11/9/2024,livechat,"""Can u manually look what else u need from me?"""
4104,11/9/2024,livechat,"""Active 20 free spin you thanks"""
3904,11/9/2024,livechat,"""Why is my account disabled"""
3662,11/9/2024,livechat,"""Even if i deposited USDT?"""
234,11/9/2024,telegram,"""hi! I won the minor jackpot :) is there a max cash out once my playthrough is met?"""
3688,11/9/2024,livechat,"""I don't have multiple accounts"""
3912,11/9/2024,livechat,"""I‚Äôm still here"""
2929,11/9/2024,livechat,"""Well, I did that like five times today, but one of them didn‚Äôt go through. Can you please look into it for me? I have photos of everything"""
4145,11/9/2024,livechat,"""This isn‚Äôt u guys"""
1577,11/9/2024,livechat,"""Hello I cashed out twice and the first one says it's been processed but it's not showing up in my cash app and the second one is still pending which I understand it takes a little time but the one that has been processed is not been deposited into my cash app"""
3515,11/9/2024,livechat,"""Hi I can't withdraw my winnings because"""
3127,11/9/2024,livechat,"""my Account"""
1412,11/9/2024,telegram,"""U guys said it would be available to me Thursday but it wasn't"""
1412,11/9/2024,telegram,"""Was wondering if you could help me with any kind of bonus or freeplay"""
3794,11/9/2024,livechat,"""where is the button on screen plz"""
5040,11/9/2024,livechat,"""i have no utility bill as i only rent a room"""
2697,11/9/2024,livechat,"""My account is disabled"""
3927,11/9/2024,livechat,"""What do I need to do to complete my withdrawal"""
3507,11/9/2024,livechat,"""i never got it though"""
2864,11/9/2024,livechat,"""Okay but if it's not even popping up on my dashboard how can I even check on it's progress on the explorer?"""
3118,11/9/2024,livechat,"""Im a custumer for christ sake"""
4173,11/9/2024,livechat,"""I had before and it was declined"""
4969,11/10/2024,livechat,"""Thats just want to text this quick withdrawal i read about make sure its all legit before i keep depositing and playing ."""
2784,11/10/2024,livechat,"""my cashout still pending"""
5463,11/10/2024,livechat,"""I dont have any other id"""
3315,11/10/2024,livechat,"""Hello my account is disabled when I try to log in"""
3356,11/10/2024,livechat,"""fuck you god damn fucking thieves"""
3016,11/10/2024,livechat,"""I made ethreum deposit yesterday that i never recieved"""
5579,11/10/2024,livechat,"""Hello Lisa"""
3802,11/10/2024,livechat,"""i dont think its on my side iim just trying to not freak out right now"""
2575,11/10/2024,livechat,"""So then.\nPlease explain to me why every other transaction the fee.Taken was the average and this one is only one seventh of that lake who decided to take the cheapest option to send this funds"""
6158,11/10/2024,livechat,"""I'm having technical difficulties"""
3861,11/10/2024,livechat,"""Hey Lisa I think I should‚Äôve received a free bomus"""
2779,11/10/2024,livechat,"""That's the address deposited to"""
4031,11/10/2024,livechat,"""So im gonna try to cancel and withdraw k? Ill wager though"""
3134,11/10/2024,livechat,"""what is screenshot payment method?"""
3329,11/10/2024,livechat,"""for your help and taking the time to help me out have a great day and sure thing"""
6174,11/10/2024,livechat,"""I haven't got an email from use but my account has all the green ticks"""
4235,11/10/2024,livechat,"""I have 2 documents that wasint aproved . 1 the adress on my license is my moms adress and ive moved"""
3587,11/10/2024,livechat,"""on this casino"""
3206,11/10/2024,livechat,"""I Haven‚Äôt Received An Emails"""
2138,11/10/2024,livechat,"""Oh no. So I just lost all that money?"""
3907,11/10/2024,livechat,"""Where is my Money now?"""
2130,11/10/2024,livechat,"""Hi, my account is disabled. Can you fix this"""
4116,11/10/2024,livechat,"""Bonus request"""
3281,11/10/2024,livechat,"""You remember my issue earlier?"""
725,11/10/2024,telegram,"""How do I get a bonus code"""
723,11/10/2024,telegram,"""The games would not load"""
713,11/10/2024,telegram,"""Why can‚Äôt cash out my bitcoin"""
2360,11/10/2024,livechat,"""Okay can you add something for the deposit that wasnt enough? Idc if it's like 10 freespins or something"""
728,11/10/2024,telegram,"""I sent a deposit but still hasn‚Äôt posted"""
68,11/10/2024,telegram,"""Is that actually Colin??"""
3714,11/10/2024,livechat,"""I'm missing an eth tx"""
3116,11/10/2024,livechat,"""Why are my withdrawl canceld??"""
1857,11/10/2024,livechat,"""Jmos mulm ms mila ‚ù§"""
1776,11/10/2024,livechat,"""Ill double check the details now"""
3318,11/10/2024,livechat,"""Ahh .I'll jus suck it up again .it's cool"""
1038,11/10/2024,telegram,"""If the fairness was true wouldn‚Äôt I get something in return ? Like literally , I spin 70 times on a game and win back 3 percent of bets played , buying 20 bonuses in a row and lose every one of them ? I don‚Äôt know, I‚Äôm not doubting ur team or who regulates ur game fairness, but maybe some kinds of kick back rewards other than two spins worth on the lowest bet and on the weakest games only? Sorry for taking ur time , I‚Äôll let you go , Goodmorning and enjoy your day"""
1038,11/10/2024,telegram,"""Is the telegram promotion available now? It said if I download it‚Äôs a bonus of 50 spins, also , I‚Äôve spend thousands on this casino and the winnings have been horrible, I don‚Äôt know why but it seems like it‚Äôs not a winning casino , it‚Äôs crazy how bad the slots AND cards are , sorry to bug you with my frustrations but I am annoyed how much money I‚Äôve thrown into ur casino and the bonuses are less and less and less , now I can‚Äôt even get my spins from ur promotion that said download and collect 50 spins for using telegram"""
4280,11/10/2024,livechat,"""I need to withdraw money but only have $48 in my account. How can remedy this?"""
2923,11/10/2024,livechat,"""I dont want to take this to a legal case, you say it was closed due to responsible gambling reasons while it shouldnt even be allowed to open an account in that period. I lost alot of money at multiple casino's and im now asking all of them for a small compensation instead of taking it to court."""
5810,11/10/2024,livechat,"""Did you look into this or what"""
1699,11/10/2024,livechat,"""I've never had this with any other online casino"""
2936,11/10/2024,livechat,"""That's a total scam . Already 40 times is crazy but then u put a time on that when if ur someone who has a job and can't........nevermind....pointless to waste my time smh . Thanks"""
991,11/10/2024,livechat,"""I have made several deposits before literally two days ago infact and I have never had a problem it says it went through can you check on it for me please"""
4221,11/10/2024,livechat,"""perfect, thank you for your help!"""
3872,11/10/2024,livechat,"""No j can not abel aces anithing i can try from other phone"""
4193,11/10/2024,livechat,"""If it was ur money u would want it fixed"""
3509,11/10/2024,livechat,"""Like how does this shit always happen to me"""
3831,11/10/2024,livechat,"""What's the difference"""
3669,11/10/2024,livechat,"""Ok but is there a reason that my bank isn't able 2 track the funds at all??"""
3779,11/10/2024,livechat,"""Doesnt work"""
3743,11/11/2024,livechat,"""Hi sorry I'm trying to find out if I filled right account details on Friday to get my withdrawal please. It should b in my account by now"""
3892,11/11/2024,livechat,"""include pokies? Thanks"""
4257,11/11/2024,livechat,"""Hey I am waiting on a withdrawl and you said you had processed your end but I contacted the bank and they said nothing in there"""
3025,11/11/2024,livechat,"""Dogecoin has skyrocketed in the last few hours, but I still deposited more than the minimum requirement."""
788,11/11/2024,telegram,"""I don't have any other accounts"""
1337,11/11/2024,telegram,"""I'm not sure if you're trying to get someone back on with me or what but what I was trying to finish up ended up turning into something it wasn't meant to be, started heading to the left field while I was trying to explain what I wanted clarification with.  So that's why it's taking so long. Not to mention I started driving too"""
1618,11/11/2024,livechat,"""connect me"""
4407,11/11/2024,livechat,"""No i dont think so"""
3967,11/11/2024,livechat,"""All I clicked was collect*"""
3704,11/11/2024,livechat,"""I'm speaking with gaming commission now so it's to late. My lawyer is gona have fun with u guys ."""
1761,11/11/2024,livechat,"""Can I speak to the head supervisor"""
3043,11/11/2024,livechat,"""Ohh okay so only when we withdrawal we get verified? Is that correct?"""
2783,11/11/2024,livechat,"""All my win is just gone"""
3522,11/11/2024,livechat,"""The picture you sent me shows thaat i recieved the $220 cash out only"""
316,11/11/2024,telegram,"""I was in the middle of a game and halfway through a big win and the game errored out. I have a screen ahot"""
3719,11/11/2024,livechat,"""how do I withdraw"""
243,11/11/2024,telegram,"""From my calculations I should‚Äôve received about $125 in LTC cashback as well as the 200+ dollars I got on the Dodge deposit"""
811,11/11/2024,telegram,"""Thank you kind sir"""
811,11/11/2024,telegram,"""Says Cash out failed"""
3506,11/11/2024,livechat,"""can I speak  with real customer?"""
4247,11/11/2024,livechat,"""Verifcate my acc"""
4304,11/11/2024,livechat,"""Is on 7 nov"""
1499,11/11/2024,livechat,"""Ok great ty"""
1281,11/11/2024,livechat,"""My money sent how come I haven't received it yet"""
830,11/11/2024,telegram,"""I changed my phone number I‚Äôd like to update it"""
1222,11/11/2024,telegram,"""My account balance was changing anyhow so I logged out and log back in and notice my account balance down"""
1343,11/11/2024,livechat,"""I didnt received the 25% cashback"""
3360,11/11/2024,livechat,"""I havnt used them on a real casino!"""
4094,11/11/2024,livechat,"""I didn‚Äôt receive the 25% bonus"""
4538,11/11/2024,livechat,"""Than i want my money back before i make a trubble for you"""
3970,11/11/2024,livechat,"""25% cash back"""
4371,11/11/2024,livechat,"""trust me i have a lot of fans that watch me"""
3391,11/11/2024,livechat,"""similar details also?"""
1091,11/11/2024,livechat,"""pls send me to a specialised person, i got a link before but that does not work right now"""
3722,11/11/2024,livechat,"""I now don't feel safe having an account on because don't know what other information has been stolen and my data my be at risk as well as my bank details"""
739,11/11/2024,livechat,"""It says pending"""
4169,11/11/2024,livechat,"""I already tried activating it myself but it didnt activate"""
3954,11/11/2024,livechat,"""Lol okay that‚Äôs crazy but alright thanks"""
3189,11/11/2024,livechat,"""That was a promotion all weekend"""
3789,11/11/2024,livechat,"""according to what I get"""
3476,11/11/2024,livechat,"""How much more do I have to bet before I can cash out"""
4324,11/11/2024,livechat,"""i lost a lot. What do you mean? Every time I loaded, I lost"""
4584,11/11/2024,livechat,"""the payment was done and booked and here it‚Äôs cancelled"""
3288,11/11/2024,livechat,"""I had no idea i thought the bonus is the last money on the account"""
3901,11/11/2024,livechat,"""As this does not reflect what happened, especially when you started saying you saw no game rounds on blackjack"""
4492,11/11/2024,livechat,"""Ok let me try n sign in."""
3691,11/11/2024,livechat,"""Well I used my promo code when I deposited money on to my account"""
4147,11/11/2024,livechat,"""Hi. Will you help me with the freespins, please? Promo CHIPY35"""
3787,11/11/2024,livechat,"""hi Dave, I have sponek with support about my money disapearing from my account"""
3340,11/11/2024,livechat,"""So what you are asking me to ask PayPal if there is a payment coming to an address I have never used"""
4271,11/11/2024,livechat,"""can transfer to other agent"""
4592,11/11/2024,livechat,"""and I am dead set sick to death of it just pay me my money already"""
3625,11/11/2024,livechat,"""where on the TOS does it say to not play my spins on certain ip adresses???"""
4198,11/12/2024,livechat,"""really nah I want my winnings deposited into. my bank now then im fucking dead set sick of being fucked around"""
3675,11/12/2024,livechat,"""As of right now how much is 0.0001 worth in USD"""
3677,11/12/2024,livechat,"""forgot to click send"""
3264,11/12/2024,livechat,"""what did you send"""
3872,11/12/2024,livechat,"""I never received the 3rd set of my sign up free spins"""
2460,11/12/2024,livechat,"""I swear that is the craziest thing I've ever heard of I've literally been trying to get this thing since it's started and now that I've hit it the fact that because I used the gamble feature and  landed on it so I can't get it is really disheartening considering how many times I have played and how much money I have spent on this app"""
4243,11/12/2024,livechat,"""Like I don‚Äôt need to do anything else?"""
2129,11/12/2024,livechat,"""It used to be that $5 was the minimum you could deposit when did that change"""
2701,11/12/2024,livechat,"""Another thing is there's no option for the United States in your list of countries that's where I'm from and somehow I clicked Algeria and I don't it won't let me change it so can you talk me through that process I left a note with my ID that said I'm from Ohio in the United States"""
3254,11/12/2024,livechat,"""give  me my money"""
3713,11/12/2024,livechat,"""Withdrawal to PayPal wallet,"""
4191,11/12/2024,livechat,"""Still not working"""
1245,11/12/2024,livechat,"""Okay cool thank you heaps for your help , early Xmas for me üòÇüòÇ"""
904,11/12/2024,telegram,"""I would like to play but i dont understand it"""
4264,11/12/2024,livechat,"""Hello, I was directed to having to edit my profile before I can play any games and now it wanted me to fill in my profile information and it froze up on me and your guys are the ones that changed it not me. Do I put my information in please"""
3393,11/12/2024,livechat,"""I did not fill that in"""
3721,11/12/2024,livechat,"""It's says my account is disabled"""
4168,11/12/2024,livechat,"""can you return the money to my account"""
3343,11/12/2024,livechat,"""Ok I‚Äôll keep waiting then ;)"""