id_user,timestamp,source,message,category
4844,2024-11-01,livechat,"""What time is it where u are""",other_issues
3985,2024-11-01,livechat,"""What happened to the Cashback piggy?""",game_issues
2578,2024-11-01,livechat,"""Deactivated""",other_issues
1040,2024-11-01,telegram,"""It says access issues detected""",technical_issues
4288,2024-11-01,livechat,"""Im in arizona""",other_issues
1039,2024-11-01,telegram,"""My free signup bonus doesn‚Äôt work""",bonus_issues
247,2024-11-01,livechat,"""I don't understand what u mean""",other_issues
4421,2024-11-01,livechat,"""Im in the us""",other_issues
4230,2024-11-01,livechat,"""The bonus of 0.0036... I just added and active but that one isn't showing""",bonus_issues
3713,2024-11-01,livechat,"""Okay hopefully I don't have to bother you anymore I apologize.""",other_issues
4233,2024-11-01,livechat,"""To withdraw my money I am a continuously paying client""",withdrawal_issues
4117,2024-11-01,livechat,"""may I upload the document here, and you can tell me if it‚Äôs alright or not?""",other_issues
4468,2024-11-01,livechat,"""Hi can i have my depositing currency changed back to Ethereum please?""",deposit_issues
4566,2024-11-01,livechat,"""I am sorry for being so angry but u would be too""",other_issues
3848,2024-11-01,livechat,"""ive depoistioed so much everyday""",deposit_issues
4239,2024-11-01,livechat,"""Making sure its to this address""",other_issues
1050,2024-11-01,telegram,"""So I basically was undermined and signed up and used my last of my BTC balance to get in with u guys""",deposit_issues
1050,2024-11-01,telegram,"""Sorry""",other_issues
1050,2024-11-01,telegram,"""‚ù§Ô∏è""",other_issues
4105,2024-11-01,livechat,"""It may be that the bonus has been delayed however I want to check as I‚Äôve usually received it by now every week.""",bonus_issues
1053,2024-11-01,telegram,"""I never created another account is it possible someone might have created another account and since it seems that is tr case can you shut it down""",account_issues
4659,2024-11-01,livechat,"""I don‚Äôt need bonus and I just want to get my desposit""",withdrawal_issues
5062,2024-11-01,livechat,"""I already deposited too many time even I had lost""",deposit_issues
4485,2024-11-01,livechat,"""hey I just wanted to know the time my account will be reopened""",account_issues
5132,2024-11-01,livechat,"""On my case, i dont huh?""",other_issues
4167,2024-11-01,livechat,"""today about a $100 no deposit bonus""",bonus_issues
1059,2024-11-01,telegram,"""I was playing the game 777 slots it took my whole balance and said I have no funds left for my bet which is not right I still had funds in my account this is rediculas and I am not happy at all""",game_issues
4190,2024-11-01,livechat,"""as a side note; david was completely unprofessional and almost seemed drunk""",other_issues
4227,2024-11-01,livechat,"""Ok. My card is at home and i am at work. I might play some more, and upload details when i have my card with me again.""",deposit_issues
4350,2024-11-01,livechat,"""Then my game was glitched then""",game_issues
4259,2024-11-01,livechat,"""it‚Äôs already auto collected the jackpot mania now""",game_issues
57,2024-11-01,telegram,"""It shows pending and there is a cancel option""",payment_issues
4145,2024-11-01,livechat,"""weres my game history""",game_issues
4621,2024-11-01,livechat,"""The limit was ‚Ç¨150. I then have to pay out the amount. I would like to continue playing""",withdrawal_issues
5147,2024-11-01,livechat,"""right. okay well have a good day, thank you!""",other_issues
1122,2024-11-01,telegram,"""I just deposited money and I did one spin and it took it all away all my money's gone how is that""",game_issues
5232,2024-11-01,livechat,"""that's random haha""",other_issues
5047,2024-11-01,livechat,"""in othe convo but my phone died""",other_issues
4421,2024-11-01,livechat,"""Hello I placed 9th in jackpot spins for last month""",other_issues
710,2024-11-01,livechat,"""Payment system account used by another user problem""",account_issues
4157,2024-11-01,livechat,"""i am concerned""",other_issues
406,2024-11-01,telegram,"""Ok Gotit now thx""",other_issues
4073,2024-11-01,livechat,"""But on my end it isn‚Äôt ‚Äúpending‚Äù it says completed""",payment_issues
4133,2024-11-01,livechat,"""That percentage. Bar has not moved hundreds dollars sits there does it work""",technical_issues
4958,2024-11-01,livechat,"""\nNone of those reasons applied to me, so can you please check my deposit?""",deposit_issues
2623,2024-11-01,livechat,"""PLEASE CONFIRM I DID NOT QUALIFY FOR WEEKILY CASHBACK""",bonus_issues
4411,2024-11-01,livechat,"""All good for now""",other_issues
4756,2024-11-01,livechat,"""I wouldn't have wasted my money like that""",other_issues
4134,2024-11-01,livechat,"""Now it says this when I try to play""",other_issues
4684,2024-11-01,livechat,"""All you said was both my utility bills were dejected!""",other_issues
4857,2024-11-01,livechat,"""I don't know what else to give you!""",other_issues
4429,2024-11-01,livechat,"""It says my account is disabled""",account_issues
4324,2024-11-01,livechat,"""Credit card australian dollars""",payment_issues
1327,2024-11-01,livechat,"""Ok again thx""",other_issues
4342,2024-11-01,livechat,"""\nI want to withdraw to telegram wallet""",withdrawal_issues
72,2024-11-01,telegram,"""Never got my free play after my last bitcoin deposit""",bonus_issues
4938,2024-11-01,livechat,"""Sweet I‚Äôll just report it then""",other_issues
5391,2024-11-01,livechat,"""I live in the USA""",other_issues
1666,2024-11-02,livechat,"""I got kicked off the game and when I lived back in it wwast there""",game_issues
4640,2024-11-02,livechat,"""Send me to someone else""",other_issues
4834,2024-11-02,livechat,"""I‚Äôm sorry what is the fiat view""",other_issues
5266,2024-11-02,livechat,"""None of this applies to me.""",other_issues
5050,2024-11-02,livechat,"""ok as you say.""",other_issues
2782,2024-11-02,livechat,"""If you don't mind checking please""",other_issues
5514,2024-11-02,livechat,"""I cant enter website""",login_issues
4741,2024-11-02,livechat,"""Oh okay then, thanks for help tho!, that was All I had üôÇ""",other_issues
4729,2024-11-02,livechat,"""Is there 100 free spin sign up bonus""",bonus_issues
5152,2024-11-02,livechat,"""because they were credited immediately then""",payment_issues
5465,2024-11-02,livechat,"""What time did I make the deposit""",deposit_issues
4747,2024-11-02,livechat,"""that‚Äôs why I chatted in to ask when they‚Äôd be credited.  I don‚Äôt have special needs, if they were showing as expired I wouldn‚Äôt ask when they‚Äôll be credited.  I would‚Äôve asked for an exception""",bonus_issues
4507,2024-11-02,livechat,"""maybe I bet too much""",other_issues
1498,2024-11-02,livechat,"""it was buy bonues""",bonus_issues
5256,2024-11-02,livechat,"""Are you guys gonna put money in my fucking account because of your game glitching I bet fucking not""",withdrawal_issues
268,2024-11-02,telegram,"""I was. Credited 60 an I activated it but it d not showing up""",bonus_issues
4954,2024-11-02,livechat,"""No that's all""",other_issues
752,2024-11-02,livechat,"""I had wagered through""",game_issues
4566,2024-11-02,livechat,"""can i get some free spins please""",bonus_issues
5098,2024-11-02,livechat,"""The spins wasn‚Äôt working so I canceled them bc I thot it would come thru after..""",game_issues
1934,2024-11-02,livechat,"""Hello Paul""",other_issues
2318,2024-11-02,livechat,"""Deactivated""",other_issues
4737,2024-11-02,livechat,"""It even said it on your signup page""",other_issues
4495,2024-11-02,livechat,"""It went straight to you""",other_issues
5474,2024-11-02,livechat,"""Can you send me new ppasdword""",account_issues
4526,2024-11-02,livechat,"""I need to speak with someone higher up cause this is bs""",other_issues
1861,2024-11-02,livechat,"""I was wondering how to I claim the second part of my welcome package? Last time for the first part you guys manually entered my free spins""",bonus_issues
5237,2024-11-02,livechat,"""entering into our country and stealing the money. it's a violation to the country laws and harming the country economy and potentially committing financial frauds and thefts""",other_issues
302,2024-11-02,telegram,"""Expired. I just received them a few days ago. I cannot use them until I am either out of funds or cash out correct? I work on receiving those by playing real money. Why would they expire so quickly before I get a chance to use them?""",bonus_issues
302,2024-11-02,telegram,"""Hello, I had 20, 30 & 75 free spins. They have been removed from my account. Please advise.""",bonus_issues
4668,2024-11-02,livechat,"""Hi was in a bonus and it didn‚Äôt pay me my winnings""",bonus_issues
2047,2024-11-02,livechat,"""It was to u guys""",other_issues
5045,2024-11-02,livechat,"""Ok thankyou""",other_issues
1232,2024-11-02,telegram,"""I tried to withdrawl money from your site it says on my transactiion it was cancelled""",withdrawal_issues
176,2024-11-02,telegram,"""Hello I know how to find the equivalent code the second three bonuses and I do not know how to do please and we hope to help""",bonus_issues
176,2024-11-02,telegram,"""I wish to help me to know where the reward code is""",bonus_issues
2939,2024-11-02,livechat,"""I sent 6 or 7 yesterday""",other_issues
5662,2024-11-02,livechat,"""One second I'll get it for you""",other_issues
68,2024-11-02,telegram,"""I figured :/ thanks anyways ‚ù§Ô∏è""",other_issues
2947,2024-11-02,livechat,"""About the VIP program""",other_issues
5657,2024-11-02,livechat,"""Do you have a data leak? Why am i getting this""",technical_issues
1213,2024-11-02,telegram,"""I never received my deposit from moonpay""",payment_issues
1833,2024-11-02,livechat,"""Where and how?""",other_issues
4760,2024-11-02,livechat,"""I cant ringt in english  sorry bur you can translater""",other_issues
1277,2024-11-02,telegram,"""what other accounts are linked""",account_issues
5104,2024-11-02,livechat,"""It‚Äôs not about that it‚Äôs about the algorithm""",other_issues
6142,2024-11-02,livechat,"""I appreciate that was just sensing to cover my basis thanks again I‚Äôll be despairing again soon gotta get that next level lol""",other_issues
5642,2024-11-02,livechat,"""I would like to close/delete my account""",account_issues
4785,2024-11-02,livechat,"""I have been using this site long time so I know when to get them or what not""",other_issues
5493,2024-11-02,livechat,"""n then its not there""",other_issues
1468,2024-11-02,livechat,"""Can you say me where is my lvl up bonus?""",bonus_issues
3772,2024-11-02,livechat,"""It has been over an hour""",other_issues
5055,2024-11-02,livechat,"""I think i dont get them :(""",game_issues
5959,2024-11-03,livechat,"""the game with 163 won""",game_issues
1292,2024-11-03,telegram,"""Did u enjoy our chat?""",other_issues
5173,2024-11-03,livechat,"""And that‚Äôs fine but you stated above that ‚Äúas far as you can see the games paid me accordingly‚Äù""",other_issues
2191,2024-11-03,livechat,"""Also had a couple identity breaches""",account_issues
4835,2024-11-03,livechat,"""It said cash out time 6 mins""",withdrawal_issues
5206,2024-11-03,livechat,"""Hi I‚Äôm trying to activate my 20 free spins and once I select game it just won‚Äôt load is there something wrong with your end or can you help me activate""",game_issues
493,2024-11-03,livechat,"""i clicked on the 25 free spins in my account rewarda but it isnt doing the bonus spins?""",bonus_issues
4290,2024-11-03,livechat,"""Yesterday I tried to cash out""",withdrawal_issues
130,2024-11-03,telegram,"""That doesnt make any sense whatsoever there is no logic in that and the fact that you are secretive about it makes it seem unjust especially when it's going incredibly slow ...  I had to have spent close to 500$ if not more to get 65 percent of the way there? Guaranteed out of the 100 spins I will win about thirty six cents.""",bonus_issues
1300,2024-11-03,telegram,"""I activated my 100 free spins but I had to refresh my page after only 3 but when I did the rest of my free spins aren‚Äôt loading""",game_issues
1300,2024-11-03,telegram,"""I tried everything you suggested and they still don‚Äôt work""",technical_issues
5954,2024-11-03,livechat,"""I tried all that""",other_issues
5848,2024-11-03,livechat,"""I‚Äôm in Australia""",other_issues
1367,2024-11-03,livechat,"""it is saying my account is dissabled""",account_issues
3773,2024-11-03,livechat,"""I have since made a new account but I'm very hesitant to even use your site anymore""",account_issues
4682,2024-11-03,livechat,"""Give me mynmoney""",withdrawal_issues
5439,2024-11-03,livechat,"""my friends in Australia can login""",login_issues
4971,2024-11-03,livechat,"""You said jack can you.please release.my account free ? You guys locked it up a few days back but I am hoping with time for good behavior you will consider nearly release""",account_issues
6075,2024-11-03,livechat,"""Yes it's my friend's WiFi""",other_issues
5201,2024-11-03,livechat,"""Can I ask that when ur talking to me that u actrully only talk to me""",other_issues
577,2024-11-03,livechat,"""Hey Adam are second chance spins going out soon""",bonus_issues
5638,2024-11-03,livechat,"""Why is my pending deposit link coming up to a page showing a error""",payment_issues
5109,2024-11-03,livechat,"""  If it did just cancel my account olease""",account_issues
956,2024-11-03,telegram,"""I sent some XRP from wallet to my account but did not see the memo before sending.... will this still credit to my account?""",payment_issues
5927,2024-11-03,livechat,"""Because it‚Äôs impossible to win and I don‚Äôt feel like wasting anymore money""",game_issues
5137,2024-11-03,livechat,"""But when I don‚Äôt have the amount on my account to bet it will not bet /spin and I did not have 5000 to bet in the first place it was chosen in error so why did it dpin""",game_issues
2001,2024-11-03,livechat,"""Thus making it where people don't have to do this every time they are confused and or wondering why they have became an inactive player all of a sudden""",other_issues
4897,2024-11-03,livechat,"""Aha now i got it""",other_issues
5540,2024-11-03,livechat,"""Whaaaa I only have one account""",account_issues
5333,2024-11-03,livechat,"""I haven‚Äôt received the money back from a deposit I attempted. It was deducted from my account - I will show you the screenshot""",withdrawal_issues
3122,2024-11-03,livechat,"""My identity was frauded barely got my credit card in mail""",account_issues
6205,2024-11-03,livechat,"""is that it?""",other_issues
6138,2024-11-03,livechat,"""will I lose the bonus money?""",bonus_issues
5724,2024-11-03,livechat,"""Hello I was promised 100 free spinn by signing up.  I just receive 20?""",bonus_issues
5705,2024-11-03,livechat,"""what region can I use I have vpn""",technical_issues
1321,2024-11-03,telegram,"""When I log in it says there is account issues detected at the top of my screen in a red box""",account_issues
6273,2024-11-03,livechat,"""I know I havnt got my bonus after i made a deposit for it in that timeframe""",bonus_issues
5219,2024-11-03,livechat,"""no one else has logged in to my internett adress, and i‚Äôve only played at my Internett. This is so wrong""",account_issues
5069,2024-11-03,livechat,"""when do I Get or back then?""",other_issues
2076,2024-11-03,livechat,"""I van ask.somebody why my transactjon is still pending?""",payment_issues
6159,2024-11-03,livechat,"""I don't see it""",other_issues
1327,2024-11-03,telegram,"""Because I can not deposit using the card option as it has been taken away a while ago and I do not know how to use cryptocurrency""",deposit_issues
1893,2024-11-03,livechat,"""I know I glitched or got robbed""",game_issues
6176,2024-11-03,livechat,"""Hi I remove daily limit get emeil clicking and it‚Äôs not remove show""",technical_issues
6074,2024-11-03,livechat,"""Then you is it that the promotion that i used said 100 free spins not 20""",bonus_issues
5221,2024-11-03,livechat,"""So when do I get my bonus""",bonus_issues
6063,2024-11-03,livechat,"""can I send to casino email address directly""",other_issues
5656,2024-11-03,livechat,"""said that can not send and was on red""",other_issues
4978,2024-11-03,livechat,"""Hi , why isint the Monday bonus showing up for me ?""",bonus_issues
5483,2024-11-03,livechat,"""It was still active and I didn‚Äôt receive the promotion""",bonus_issues
2061,2024-11-03,livechat,"""I'm deposited like 30 minutes ago it has like six confirmations but I don't see in my account""",deposit_issues
6159,2024-11-03,livechat,"""It gives an option of Coinbase or it looks like a bitcoin symbol and an address. Do I click the bitcoin symbol address not Coinbase? Sorry.""",payment_issues
1281,2024-11-03,livechat,"""bit starz treasures with ltc coin""",other_issues
5803,2024-11-04,livechat,"""I did so but it wasn't a code""",other_issues
5157,2024-11-04,livechat,"""Hi I cashed out last week Thursday, I had to infill new details because my previous ones were no longer there. The cash out has been cashed out since Thursday and I‚Äôm still yet to receive it in my account""",withdrawal_issues
5092,2024-11-04,livechat,"""Quiero jugar desde espa√±a y no me deja""",other_issues
5453,2024-11-04,livechat,"""it was very fast and i was happy""",other_issues
5648,2024-11-04,livechat,"""Hi im sorry this is the 3rd or 4th time they connect me to a speciist""",technical_issues
6102,2024-11-04,livechat,"""I mean they didn't give me free games today they usually give me when I deposit.""",bonus_issues
579,2024-11-04,livechat,"""What.... why would your system allow that to happen this is faulty""",technical_issues
5357,2024-11-04,livechat,""" I tried uploading a pdf version but it will not download""",technical_issues
756,2024-11-04,livechat,"""What's that mean?""",other_issues
5253,2024-11-04,livechat,"""What size?""",other_issues
5074,2024-11-04,livechat,"""No that will be it but it won't let me go to the top of the page to to leave a like by your name??""",other_issues
5632,2024-11-04,livechat,"""Ok I will do that now""",other_issues
6012,2024-11-04,livechat,"""didn‚Äôt get that option""",other_issues
5425,2024-11-04,livechat,"""why did you just lie to me tho""",other_issues
5645,2024-11-04,livechat,"""Well, I have to sign that it was sent""",other_issues
2201,2024-11-04,livechat,"""I want talk somebody about cashout""",withdrawal_issues
925,2024-11-04,livechat,"""Ok to not bother you..most easy way is new id new acc and play..tnx on answers""",other_issues
5199,2024-11-04,livechat,"""No there hasn‚Äôt been""",other_issues
6416,2024-11-04,livechat,"""Hi, I‚Äôm trying to do a withdrawal but it‚Äôs not remembering my bank transfer details and I wanted to know why""",withdrawal_issues
2399,2024-11-04,livechat,"""Yes but is almose 24h and is still pending and i dont get any email what is the reason""",payment_issues
4999,2024-11-04,livechat,"""Am i doing something wrong here or wats the deal? I don't wanna miss out on the sign up fs bonus üôÑ""",bonus_issues
5925,2024-11-04,livechat,"""Iok thank you as the options to withdraw had changed""",withdrawal_issues
1627,2024-11-04,livechat,"""I didn't see any of my bonuses except for one""",bonus_issues
6396,2024-11-04,livechat,"""It's been 90 minutes since I requested it, are you sure everything is ok?""",withdrawal_issues
5228,2024-11-04,livechat,"""Hey Sean, how are you?""",other_issues
4223,2024-11-04,livechat,"""Only with my New card""",payment_issues
6302,2024-11-04,livechat,"""Hi  I was sent this promo to email and it doesn't seem to be working""",bonus_issues
6161,2024-11-04,livechat,"""It says everything went well""",other_issues
2625,2024-11-04,livechat,"""hi i have a really big problem""",other_issues
5712,2024-11-04,livechat,"""What about the week before that""",other_issues
4909,2024-11-04,livechat,"""this is a really bad platform""",other_issues
6092,2024-11-04,livechat,"""Yes one moment please""",other_issues
6261,2024-11-04,livechat,"""hello is allteady opening mi account.""",account_issues
5266,2024-11-04,livechat,"""Free spins""",bonus_issues
5696,2024-11-04,livechat,"""I‚Äôm not used to minimum requirements on the amount of crypto I need to send and sent less than the minimum for bnb coin""",payment_issues
2214,2024-11-04,livechat,"""still here and 1 is gone""",other_issues
6101,2024-11-04,livechat,"""How to play""",game_issues
6537,2024-11-04,livechat,"""Ok so i convert to eth erc-20 at the same time""",other_issues
6039,2024-11-04,livechat,"""reenable my accoun""",account_issues
5149,2024-11-04,livechat,"""whats your position""",other_issues
5111,2024-11-04,livechat,"""in my email. and I would like to know how to activate it because I went to make a deposit, I entered the code and it says it was not registered. and so I did nothing and sent to you. what should i do?""",bonus_issues
6318,2024-11-04,livechat,"""So when I try to log in it keeps saying wrong password try again""",login_issues
2503,2024-11-04,livechat,"""Hello nova""",other_issues
6142,2024-11-05,livechat,"""My free ten spins""",bonus_issues
5469,2024-11-05,livechat,"""Nvm I got what you said thank u it's working now""",other_issues
6419,2024-11-05,livechat,"""hey i didnt get my weekly free spins""",bonus_issues
146,2024-11-05,telegram,"""It is in blockchain""",technical_issues
5678,2024-11-05,livechat,"""I was logged out bc I sent btc transaction twice""",payment_issues
6144,2024-11-05,livechat,"""Yes l have checked""",other_issues
5777,2024-11-05,livechat,"""Alright thank you""",other_issues
5944,2024-11-05,livechat,"""OK hold on""",other_issues
5751,2024-11-05,livechat,"""ol ill upload it again then ;-)""",other_issues
506,2024-11-05,livechat,"""Cuz I didn't receive it in my account I didn't receive it in my account""",withdrawal_issues
5455,2024-11-05,livechat,"""Still facing issues""",technical_issues
6072,2024-11-05,livechat,"""It's a scam. Nobody gets paid from \""free sign up spins\""""",bonus_issues
5700,2024-11-05,livechat,"""I made a transfer""",deposit_issues
5196,2024-11-05,livechat,"""after but got that""",other_issues
6520,2024-11-05,livechat,"""Okay great thank you""",other_issues
2218,2024-11-05,livechat,"""I clicked yes to the offer then deposited 150""",bonus_issues
5366,2024-11-05,livechat,"""Are you joking me? You can't provide anything?""",other_issues
1774,2024-11-05,livechat,"""Its Monday where I live""",other_issues
6655,2024-11-05,livechat,"""Are you going to answer me or what""",other_issues
6579,2024-11-05,livechat,"""No, if it‚Äôs a technical issue then I want my fucking money back all thousand dollars of it""",withdrawal_issues
6042,2024-11-05,livechat,"""I would like to request a CASH BONUS based on my consistent PLAY FOR ALMOST A YEAR!! I have never withdrawn!!! I just keep pumping money into this site without any player advantages at all!!!!""",bonus_issues
2553,2024-11-05,livechat,"""Deactivated""",other_issues
5833,2024-11-05,livechat,"""Hello I was playing ur game crash and it just started taking my money and freezing and kept on repeat taking Money and starting to repeat I couldn't do nothing""",game_issues
6347,2024-11-05,livechat,"""Why in the fuck are you stealing my money? How come I haven‚Äôt been able to hit a bonus in over $1000?""",bonus_issues
6348,2024-11-05,livechat,"""what promos can i have please""",bonus_issues
5208,2024-11-05,livechat,"""and you never provide any customer support other than copy and paste messages""",other_issues
5977,2024-11-05,livechat,"""slots* and I won‚Äôt accept the bull shit 20 cent free spins""",game_issues
2403,2024-11-05,livechat,"""Please David""",other_issues
5723,2024-11-05,livechat,"""And it still hasn't credited correct""",payment_issues
4847,2024-11-05,livechat,"""Theres nothing wrong with the bill""",other_issues
6632,2024-11-05,livechat,"""It messed up on the last round I played""",game_issues
6447,2024-11-05,livechat,"""Ok It‚Äôs up to u I‚Äôm cool""",other_issues
1440,2024-11-05,telegram,"""Pending was blue before""",other_issues
2613,2024-11-05,livechat,"""I was just in a chat with Paul, are you able to put me back on to him?""",other_issues
5948,2024-11-05,livechat,"""Oh one more thing""",other_issues
6315,2024-11-05,livechat,"""Oh hi there Mia!""",other_issues
5213,2024-11-05,livechat,"""Hi. Can you put me with a live support agent please?""",other_issues
2250,2024-11-05,livechat,"""Thank so much I really  appreciate  it""",other_issues
1702,2024-11-05,livechat,"""Hello Harvey I need a new wallet address so I can deposit to the site for some reason it is not allowing me to send to that wallet anymore""",deposit_issues
4327,2024-11-05,livechat,"""Have a great day I will let you go I could talk to you all day LOL""",other_issues
3893,2024-11-05,livechat,"""Told you the winnings of the $25 was the final winning of all of the spins that triggered the free spins""",game_issues
3105,2024-11-05,livechat,"""Without being disastrous right LOL never wanted to do that but I do want to display how I feel For someone to visualize very well in their mind""",other_issues
5419,2024-11-05,livechat,"""Didnt get enough bonus of How much i deposit last day I think""",bonus_issues
1183,2024-11-05,livechat,"""That's the screen shot if the block chain that shows that I successfully  deposited onto my account. And I waited till today to contact you guys, because I wasn't sure if the bonus came on right away, or if it came on the next day""",deposit_issues
1675,2024-11-05,livechat,"""The money has not been returned to my bank account""",withdrawal_issues
1468,2024-11-05,telegram,"""I don't see my deposit""",deposit_issues
6564,2024-11-05,livechat,"""and sorry if I made you upset""",other_issues
2754,2024-11-05,livechat,"""Hi I have a question about 200 free spins""",bonus_issues
6634,2024-11-06,livechat,"""This  is my polish id""",other_issues
1831,2024-11-06,livechat,"""This is only one of 200 spins am talking about""",game_issues
6689,2024-11-06,livechat,"""The Halloween voodoo""",other_issues
5866,2024-11-06,livechat,""" this past week I put a lot of money into this casino""",deposit_issues
6250,2024-11-06,livechat,"""I know I was betting real money ok""",game_issues
6423,2024-11-06,livechat,"""yes it closed years ago - I will try and find where the money is now I have th bsb abs the account number""",withdrawal_issues
2414,2024-11-06,livechat,"""I wae just given 10 free spins plAyed them and won a big win on the free games then it said i was i fun mode and reissued 10 more spins why did you all reset te VC ame because won. This is the sec otime""",bonus_issues
6255,2024-11-06,livechat,"""3.1.2 last 4 lines""",technical_issues
5984,2024-11-06,livechat,"""Okay so how do I request it.  Like 0.002 is too much but the 0.001 is only 71""",withdrawal_issues
5942,2024-11-06,livechat,"""None of these apply to me""",other_issues
6673,2024-11-06,livechat,"""Hello. Can you please add code 170mania bonus for me please. I made 2 separate deposits. Support said they would add it manually. I didn‚Äôt have enough after my first depoait""",bonus_issues
6202,2024-11-06,livechat,"""no I click on the game gemza under rewards and it takes me to the game just doesn‚Äôt play the free spins""",game_issues
6288,2024-11-06,livechat,"""I made a deposit of $30. And the rates must have changed at the very last second, and it's just barely under the minimum.Can you please push it through""",payment_issues
5556,2024-11-06,livechat,"""hey Nicholas""",other_issues
2787,2024-11-06,livechat,"""I withdrew some money and was only supposed to allow me $100 but y'all let me withdraw $110. I thought y'all would take it and then I put more back in I just want to make sure this won't screw me like last time""",withdrawal_issues
5505,2024-11-06,livechat,"""on my account page""",account_issues
6573,2024-11-06,livechat,"""Oh ok      wow.""",other_issues
5778,2024-11-06,livechat,"""Should I try again?""",other_issues
5562,2024-11-06,livechat,"""Hi, I've deposited some ethereum but it has not credited my balance yet""",deposit_issues
3614,2024-11-06,livechat,"""Can you please ask someone if something can be done here""",other_issues
6833,2024-11-06,livechat,"""I tired to use the Wednesday special but it didn't work""",bonus_issues
6062,2024-11-06,livechat,"""Simply a waste of of time for me to have explained or Elaborated the situation when you don‚Äôt give a damn let alone do anything about it""",other_issues
3209,2024-11-06,livechat,"""So from $50 there was no win""",game_issues
6607,2024-11-06,livechat,"""So at least I know the details are correct""",other_issues
3041,2024-11-06,livechat,"""How much money have you guys taken so far from people who have not made the minimum deposit amount ? Millions?""",deposit_issues
127,2024-11-06,telegram,"""Hahaha sweet, thanks""",other_issues
1816,2024-11-06,livechat,"""Need to talk about my money""",withdrawal_issues
2885,2024-11-06,livechat,"""COMPENSATE""",other_issues
424,2024-11-06,telegram,"""where are the free spins i thought i got when i deposited""",bonus_issues
2700,2024-11-06,livechat,"""I would like to ask for a refund. I played Wild Bingo and bet one time. I thought I was placing my second bet and then the 3rd one but it uped m,y bet instead to 15 bucks i thought i was pushing the button to spin not place a higher bet""",game_issues
2976,2024-11-06,livechat,"""my account on skrill, i use 2 adresses one is primary the other one secondary i can use them both""",account_issues
127,2024-11-06,telegram,"""Your support is good""",other_issues
2381,2024-11-06,livechat,"""Plus I don‚Äôt wanna have more than one and I thought I had one on my current email address I‚Äôd like to just make sure I only have one please forgive me""",account_issues
1874,2024-11-06,livechat,"""Well this one has money on it""",deposit_issues
2426,2024-11-06,livechat,"""I didn‚Äôt play yet""",game_issues
1579,2024-11-06,livechat,"""could you tell me how many ltc confirmations I have""",other_issues
6459,2024-11-06,livechat,"""another one""",other_issues
107,2024-11-06,telegram,"""Is there something wrong with your games?""",game_issues
3232,2024-11-06,livechat,"""I‚Äôm good also , Okay thank you""",other_issues
2656,2024-11-06,livechat,"""I still have not receive""",withdrawal_issues
3048,2024-11-06,livechat,"""I know that I already opened a ticket. But meanwhile I feel scammed and I read I lots of forums, that there are many people with the same Problem and they Never saw the money back. They used all the same payment Method Like me""",withdrawal_issues
3190,2024-11-06,livechat,"""I deposited 3x last night can you tell me how mich I'm eligible for""",deposit_issues
1302,2024-11-06,telegram,"""Why is this not available other sites do for loyal players""",other_issues
446,2024-11-06,telegram,"""What games do i have to play for my bonus wager??""",bonus_issues
5383,2024-11-06,livechat,"""I want to cash out""",withdrawal_issues
448,2024-11-06,telegram,"""I took hours deciding who I was going to choose to make my home for online gambling after having tried at least 30 different sites.  Yours looks the most legit, great games. And I thought the offers were upfront. I read that offer so many times making sure I get value for money.""",other_issues
1200,2024-11-06,livechat,"""I am not talking about ltc""",other_issues
2378,2024-11-06,livechat,"""I don‚Äôt know how this happened. I have two factor authentication on and everything. This is ridiculous.""",login_issues
254,2024-11-06,livechat,"""The last 3 deposits I have not received""",deposit_issues
191,2024-11-06,livechat,"""I got disconnected from another chat about me not receiving 3 deposits""",payment_issues
310,2024-11-06,telegram,"""NICE!!!!""",other_issues
2766,2024-11-06,livechat,"""and what is the bonus I have gotten in return""",bonus_issues
1215,2024-11-06,telegram,"""Sorry. I made a mistake.   Sent USDT to eth address.  So it is not showing in balance    Please add 8.4 USDT now.""",payment_issues
224,2024-11-06,telegram,"""Hi my birthday was yesterday and I didn‚Äôt get gift ü•≤""",bonus_issues
285,2024-11-06,telegram,"""Why didn't I receive spins""",bonus_issues
265,2024-11-06,telegram,"""My deposit it says error and pending""",deposit_issues
2119,2024-11-06,livechat,"""I deposited over 100 dollars""",deposit_issues
3413,2024-11-06,livechat,"""Can you take off the bonus?""",bonus_issues
3039,2024-11-07,livechat,"""They say finished not played. As you can see there‚Äôs no wager even set""",game_issues
463,2024-11-07,telegram,"""Hi I need to verify my email address but I dnt have access to my email anymore my registered email is ****@gmail.com""",account_issues
2472,2024-11-07,livechat,"""Can I speak to a rep""",other_issues
2291,2024-11-07,livechat,"""Look for the gambling license. you will need that. No company with a valid gambling license is allowed to act like this!!""",other_issues
2311,2024-11-07,livechat,"""on that first page i lost 8 and won 2""",game_issues
2152,2024-11-07,livechat,"""What are you talking about?It's still Wednesday before then.It's only wednesday at five o'clock""",other_issues
355,2024-11-07,telegram,"""Can you look and see what's going on with my deposit that I made recently but it's been over an hour""",deposit_issues
3060,2024-11-07,livechat,"""Yes need to change my email and phone I email but no changes""",account_issues
3440,2024-11-07,livechat,"""I can‚Äôt find it anywhere in the history I seen it clearest day popped up on my screen. I had the big pink banner saying level 15 reached you‚Äôve been awarded $200.""",bonus_issues
3264,2024-11-07,livechat,"""When I first started playing the alien fruits two game I saw level up reached you have been awarded $200. I didn‚Äôt stop to check it or anything.""",game_issues
3307,2024-11-07,livechat,"""I had just made a deposit not too long before and it went through just fine with the same amount""",deposit_issues
2120,2024-11-07,livechat,"""I win a jackpot""",other_issues
3051,2024-11-07,livechat,"""Were did my money go if I cashed out""",withdrawal_issues
2404,2024-11-07,livechat,"""Hi Lisa how r u""",other_issues
2562,2024-11-07,livechat,"""Hello , today I received the Wednesday free spins and so I started playing them and then something came up where I had to set my phone down and so because of that I was logged out . Whenever I try to go back to the game I was playing with the free spins that I had never finished, it doesn't go back too my free spins like it normally does.""",game_issues
475,2024-11-07,telegram,"""Why is my cash out takes long""",withdrawal_issues
5002,2024-11-07,livechat,"""otherwise i dont deposit""",deposit_issues
2720,2024-11-07,livechat,"""Which other active do i need to remove to get my withdrawal from last week""",withdrawal_issues
2119,2024-11-07,livechat,"""I signed up but didn't get my 100 spins no deposit""",bonus_issues
3072,2024-11-07,livechat,"""Was that the same as before""",other_issues
2399,2024-11-07,livechat,"""if you would look at my deposit history i made it all within the required time frame""",deposit_issues
482,2024-11-07,telegram,"""I tried to login and it keeps saying my account is disabled""",login_issues
3305,2024-11-07,livechat,"""I did check my history, they were offered but I missed the email""",bonus_issues
2367,2024-11-07,livechat,"""No deposit free spins are not in my account.    But I was emailed this offer""",bonus_issues
2658,2024-11-07,livechat,"""Why don't you recommend me for vip""",other_issues
5244,2024-11-07,livechat,"""i ask for lossing rebate""",bonus_issues
1125,2024-11-07,livechat,"""J dizzle. I can see that a transfer  is still pending. Can we cancel that then ill try again?""",withdrawal_issues
2661,2024-11-07,livechat,"""Heu I did it withdrawal and then it said it went through when I verified my email but then I just seen another email came through where it said to put my name last name and birthday and my account thing I did that and saved it so now what do I need to do next I've never had this happen to me I don't know what's going on like this is never happened words taking this long or that I've had to do anything like that when I've been gambling with Bitcoin I don't know what's going on can you help me get this taken care of""",withdrawal_issues
2966,2024-11-07,livechat,"""i didnt receive my money either""",withdrawal_issues
1974,2024-11-07,livechat,"""I was in the middle of a game with a high bet and during the game it kicked me out and I lost all my damn money. My Internet is super so I need to know what kind of scam is this site to kick people in middle of bets like that""",game_issues
2021,2024-11-07,livechat,"""Its a screenshot""",other_issues
144,2024-11-07,telegram,"""I am having trouble with alien fruit 2 it‚Äôs stalled mid bonus round and I‚Äôve cleared history checked my network and restarted and logged out. Not on my end can someone please check into this bc it died this everytime open it. It just froze mid session""",game_issues
505,2024-11-07,telegram,"""My Bch didn't received on deposit""",deposit_issues
1267,2024-11-07,livechat,"""Are they issued automatically""",other_issues
509,2024-11-07,telegram,"""Wondering why my LTC deposit isn‚Äôt showing up""",deposit_issues
1383,2024-11-07,livechat,"""It's been off""",technical_issues
2801,2024-11-07,livechat,"""Makes no sense if I have free spins and click on the play before it expires""",game_issues
2491,2024-11-07,livechat,"""Im not understanding this game""",game_issues
3372,2024-11-07,livechat,"""It‚Äôs not allowing me to confirm my cashout request.""",withdrawal_issues
2355,2024-11-07,livechat,"""Because I did all of those things""",other_issues
2236,2024-11-07,livechat,"""Ok I'll try""",other_issues
3551,2024-11-07,livechat,"""You want a screen shot of the 40$ I sent today from my cash app ?""",payment_issues
3730,2024-11-07,livechat,"""i am still witing for my withdrawal that as succesful on the 2 nov. can you please double check with your accounts department. thanks""",withdrawal_issues
912,2024-11-07,livechat,"""ok thanks for your time an help""",other_issues
498,2024-11-07,telegram,"""I was wondering if If you had. A vip transfer program I play with stake and now I‚Äôm on big profit , I have 5 stake diamond account but they not really hornest about bonus""",bonus_issues
2224,2024-11-07,livechat,"""O refresh the computer twice and still that pop s up""",technical_issues
522,2024-11-07,telegram,"""how to witdraw?""",withdrawal_issues
3450,2024-11-07,livechat,"""Okay so earlier about an hour ago I requested a cash out and it says it was processed but I don't see the money there yet""",withdrawal_issues
951,2024-11-07,telegram,"""I should have free spins""",bonus_issues
523,2024-11-07,telegram,"""I hit the minor jackpot but didn't get it...""",game_issues
131,2024-11-07,telegram,"""Waiting on the right hammer""",other_issues
2838,2024-11-07,livechat,"""Ah nvm I see why""",other_issues
2449,2024-11-07,livechat,"""Was wanting to know why I keep getting rejected for my documents that have my name in full and account number . I want my damn money""",withdrawal_issues
6554,2024-11-07,livechat,"""So it hasn't been sent by thr payment provider""",payment_issues
2746,2024-11-08,livechat,"""Can I please get my free spins that I missed""",bonus_issues
2745,2024-11-08,livechat,"""Why has my account been disabled""",account_issues
3448,2024-11-08,livechat,"""I never received my Wednesday free spins""",bonus_issues
3597,2024-11-08,livechat,"""THEY WONT DO SHIT""",other_issues
539,2024-11-08,telegram,"""Changed from Samsung to iPhone. Should I update my email address to my iCloud?""",other_issues
164,2024-11-08,telegram,"""Just need to check on a Bitcoin deposit""",deposit_issues
1341,2024-11-08,telegram,"""You guys have done it several times before though""",other_issues
164,2024-11-08,telegram,"""Okay thank you and sorry""",other_issues
3112,2024-11-08,livechat,"""i feel like my winnings are a bit low""",bonus_issues
2480,2024-11-08,livechat,"""Didn‚Äôt resolve issue""",other_issues
5136,2024-11-08,livechat,"""Can you look at my account""",account_issues
2374,2024-11-08,livechat,"""I have Open my Account with this offer""",account_issues
1337,2024-11-08,telegram,"""Hi, I hate to take the time to do this, but can you check to see if maybe there was an error with my last BJ hand, bet ID: 810c4393\nBecause my balance was 0.4 LTC, I bet 0.2 and it was a push.\nThen I bet 0.2 again and when I was unable to double down, I realized it was saying I only had 0.1 LTC left in my balance""",other_issues
3424,2024-11-08,livechat,"""whats the maxium i can wager at any slot""",game_issues
3942,2024-11-08,livechat,"""can we see if i have any that can be re added plz id really appreciate it""",other_issues
3211,2024-11-08,livechat,"""So if I'm done with the bonus why can't I play my money""",bonus_issues
1020,2024-11-08,livechat,"""Always deposit 100.00 even tried 110 and it still disabled or shuts me down in a game""",payment_issues
6375,2024-11-08,livechat,"""Yes I received the processed email on the 3rd. The status also has been marked as processed for about 4 days now. There was no pending documents asked of me. I think it is time for the support team, thank you Dave.""",withdrawal_issues
3571,2024-11-08,livechat,"""Why I need them right now""",other_issues
3239,2024-11-08,livechat,"""Where is my money and why did my withdrawal cancel""",withdrawal_issues
2959,2024-11-08,livechat,"""Hey they said I had 2or 3 more boneses for my bday""",bonus_issues
297,2024-11-08,telegram,"""Can you pls check if i have pending deposit?""",payment_issues
578,2024-11-08,telegram,"""Thank you""",other_issues
579,2024-11-08,telegram,"""Hey I can‚Äôt play jackpot mania???""",game_issues
2793,2024-11-08,livechat,"""Why you canceld my widraw""",withdrawal_issues
2637,2024-11-08,livechat,"""And?!?!?!?""",other_issues
222,2024-11-08,telegram,"""I hit the jackpot the other day in the mania and wasn‚Äôt paid out""",withdrawal_issues
2812,2024-11-08,livechat,"""I undstand I did use two rewards today""",bonus_issues
222,2024-11-08,telegram,"""Where can I check my history of jackpot mania days""",game_issues
593,2024-11-08,telegram,"""My 75 free spins aren't working""",game_issues
592,2024-11-08,telegram,"""Why my account is disabled""",account_issues
861,2024-11-08,livechat,"""I can't get the games to open up all all it shows something went wrong""",game_issues
2747,2024-11-08,livechat,"""btc adress""",other_issues
3558,2024-11-08,livechat,"""did I not qualify for Friday cash bonus""",bonus_issues
3439,2024-11-08,livechat,"""Ok so all is working Fine again? I ll cashout 100 and keep the Rest and Play""",withdrawal_issues
3424,2024-11-08,livechat,"""that the withdrawl has failed to my Credit Card""",withdrawal_issues
3374,2024-11-08,livechat,"""Can I talk to someone for withdrawals pls""",withdrawal_issues
3457,2024-11-08,livechat,"""Dont Cash out now plsüòâ""",withdrawal_issues
3754,2024-11-08,livechat,"""I want to know why you guys   are delaying my withdrawal. All documents have been approved except back of credit card it's still pending for no reason""",withdrawal_issues
2603,2024-11-08,livechat,"""Hello how are you today?""",other_issues
2911,2024-11-08,livechat,"""Deposit not reflecting""",payment_issues
2006,2024-11-08,livechat,"""That's a lot""",other_issues
3978,2024-11-08,livechat,"""What I should've do?""",other_issues
3507,2024-11-08,livechat,"""Hey Nicholas""",other_issues
3058,2024-11-08,livechat,"""How much can I cashout?""",withdrawal_issues
890,2024-11-08,livechat,"""could I get a set""",other_issues
3203,2024-11-08,livechat,"""I mean I put a lot of money on here to not win anything""",withdrawal_issues
3551,2024-11-08,livechat,"""Hi sorry we got disconnected""",other_issues
3657,2024-11-08,livechat,"""I haven‚Äôt even gotten a 10 spin or nothing""",bonus_issues
3107,2024-11-08,livechat,"""And it just happened again at 6 dollars""",payment_issues
3763,2024-11-08,livechat,"""I need someone e""",other_issues
3667,2024-11-08,livechat,"""Man you guys are getting a really bad review I won 1500 u took that after that I played that j money thing won over 200 and something said the minor I haven't seen that""",withdrawal_issues
3543,2024-11-09,livechat,"""Did they pay me yet ?""",payment_issues
2887,2024-11-09,livechat,"""Didn‚Äôt see it""",other_issues
2966,2024-11-09,livechat,"""That's strange, it is a pre paid card bought for this purpose. The card is only for online gambling and sports betting.""",payment_issues
2704,2024-11-09,livechat,"""I'm sorry I didn't know that""",other_issues
2687,2024-11-09,livechat,"""Here goes nothing , till next time Levi , love you  , be in touch soon ,thanks again you deserve a raise""",other_issues
3533,2024-11-09,livechat,"""I was just chatting with you guys about 3 minutes ago and I was playing a game and I got out of my game and I went to go into another and it went into a glitch and when I came back to my homepage all my money was gone you guys suggested to me a few things that I should do to see if my money would come back but it didn't""",game_issues
5991,2024-11-09,livechat,"""i didnt attempt doing that""",other_issues
3328,2024-11-09,livechat,"""yeah me too , but it‚Äôs like I wasted my life the last 20yrs , this would have been the time to live with both incomes and kids out of house""",other_issues
3752,2024-11-09,livechat,"""you can see I‚Äôve been with bot stars a long time""",other_issues
3118,2024-11-09,livechat,"""Ill send u the screen shot i took 1 sec""",technical_issues
4008,2024-11-09,livechat,"""Okay well if I sent the wrong amount on accident can you pls replace with a bonus""",bonus_issues
279,2024-11-09,telegram,"""Hey can you tell me If my cashout is correct it says failed""",withdrawal_issues
5178,2024-11-09,livechat,"""the last agent got angry and terminated the conversation""",other_issues
3394,2024-11-09,livechat,"""I made a deposit and became lucky m mom told me about it""",other_issues
647,2024-11-09,telegram,"""I did not play that game. I just went to it, but I never played it.""",game_issues
647,2024-11-09,telegram,"""I had $200 or better in my account and I didn‚Äôt go to and it says that I played on roulette and I did not play roulette. It took all my money. I want my money back in my account. I did not play roulette. I opened up the account. I did not play it at all, and Some took my money.""",account_issues
642,2024-11-09,telegram,"""I‚Äôm out of patience. My Patience ended 12 hours ago!""",other_issues
646,2024-11-09,telegram,"""Thanks""",other_issues
2124,2024-11-09,livechat,"""Yes I have & still haven‚Äôt received credit in my account""",withdrawal_issues
649,2024-11-09,telegram,"""Your website said if I make a deposit it would be matched 100% up to 100 dollars+180 free spins""",bonus_issues
649,2024-11-09,telegram,"""Your not a bot your a actual person""",other_issues
2988,2024-11-09,livechat,"""great, thank you""",other_issues
3019,2024-11-09,livechat,"""Hello there""",other_issues
3383,2024-11-09,livechat,"""It's from me depositing""",deposit_issues
4097,2024-11-09,livechat,"""What the minimum""",other_issues
4005,2024-11-09,livechat,"""Can you closed my old account""",account_issues
3706,2024-11-09,livechat,"""I am not getting my fund?""",withdrawal_issues
3414,2024-11-09,livechat,"""I am so just really wanting to know if your casino will be the best I can spend money with I hope you can help me with a good bonus""",bonus_issues
658,2024-11-09,telegram,"""Oh I thought you were a hero üíî""",other_issues
3528,2024-11-09,livechat,"""Yes then made another deposit""",deposit_issues
3983,2024-11-09,livechat,"""Where is mine this week???""",withdrawal_issues
3258,2024-11-09,livechat,"""Can u manually look what else u need from me?""",other_issues
4104,2024-11-09,livechat,"""Active 20 free spin you thanks""",bonus_issues
3904,2024-11-09,livechat,"""Why is my account disabled""",account_issues
3662,2024-11-09,livechat,"""Even if i deposited USDT?""",deposit_issues
234,2024-11-09,telegram,"""hi! I won the minor jackpot :) is there a max cash out once my playthrough is met?""",bonus_issues
3688,2024-11-09,livechat,"""I don't have multiple accounts""",account_issues
3912,2024-11-09,livechat,"""I‚Äôm still here""",other_issues
2929,2024-11-09,livechat,"""Well, I did that like five times today, but one of them didn‚Äôt go through. Can you please look into it for me? I have photos of everything""",payment_issues
4145,2024-11-09,livechat,"""This isn‚Äôt u guys""",other_issues
1577,2024-11-09,livechat,"""Hello I cashed out twice and the first one says it's been processed but it's not showing up in my cash app and the second one is still pending which I understand it takes a little time but the one that has been processed is not been deposited into my cash app""",withdrawal_issues
3515,2024-11-09,livechat,"""Hi I can't withdraw my winnings because""",withdrawal_issues
3127,2024-11-09,livechat,"""my Account""",account_issues
1412,2024-11-09,telegram,"""U guys said it would be available to me Thursday but it wasn't""",withdrawal_issues
1412,2024-11-09,telegram,"""Was wondering if you could help me with any kind of bonus or freeplay""",bonus_issues
3794,2024-11-09,livechat,"""where is the button on screen plz""",technical_issues
5040,2024-11-09,livechat,"""i have no utility bill as i only rent a room""",account_issues
2697,2024-11-09,livechat,"""My account is disabled""",account_issues
3927,2024-11-09,livechat,"""What do I need to do to complete my withdrawal""",withdrawal_issues
3507,2024-11-09,livechat,"""i never got it though""",withdrawal_issues
2864,2024-11-09,livechat,"""Okay but if it's not even popping up on my dashboard how can I even check on it's progress on the explorer?""",technical_issues
3118,2024-11-09,livechat,"""Im a custumer for christ sake""",other_issues
4173,2024-11-09,livechat,"""I had before and it was declined""",payment_issues
4969,2024-11-10,livechat,"""Thats just want to text this quick withdrawal i read about make sure its all legit before i keep depositing and playing .""",withdrawal_issues
2784,2024-11-10,livechat,"""my cashout still pending""",withdrawal_issues
5463,2024-11-10,livechat,"""I dont have any other id""",account_issues
3315,2024-11-10,livechat,"""Hello my account is disabled when I try to log in""",login_issues
3356,2024-11-10,livechat,"""fuck you god damn fucking thieves""",other_issues
3016,2024-11-10,livechat,"""I made ethreum deposit yesterday that i never recieved""",withdrawal_issues
5579,2024-11-10,livechat,"""Hello Lisa""",other_issues
3802,2024-11-10,livechat,"""i dont think its on my side iim just trying to not freak out right now""",other_issues
2575,2024-11-10,livechat,"""So then.\nPlease explain to me why every other transaction the fee.Taken was the average and this one is only one seventh of that lake who decided to take the cheapest option to send this funds""",payment_issues
6158,2024-11-10,livechat,"""I'm having technical difficulties""",technical_issues
3861,2024-11-10,livechat,"""Hey Lisa I think I should‚Äôve received a free bomus""",bonus_issues
2779,2024-11-10,livechat,"""That's the address deposited to""",deposit_issues
4031,2024-11-10,livechat,"""So im gonna try to cancel and withdraw k? Ill wager though""",withdrawal_issues
3134,2024-11-10,livechat,"""what is screenshot payment method?""",payment_issues
3329,2024-11-10,livechat,"""for your help and taking the time to help me out have a great day and sure thing""",other_issues
6174,2024-11-10,livechat,"""I haven't got an email from use but my account has all the green ticks""",account_issues
4235,2024-11-10,livechat,"""I have 2 documents that wasint aproved . 1 the adress on my license is my moms adress and ive moved""",account_issues
3587,2024-11-10,livechat,"""on this casino""",other_issues
3206,2024-11-10,livechat,"""I Haven‚Äôt Received An Emails""",other_issues
2138,2024-11-10,livechat,"""Oh no. So I just lost all that money?""",game_issues
3907,2024-11-10,livechat,"""Where is my Money now?""",withdrawal_issues
2130,2024-11-10,livechat,"""Hi, my account is disabled. Can you fix this""",account_issues
4116,2024-11-10,livechat,"""Bonus request""",bonus_issues
3281,2024-11-10,livechat,"""You remember my issue earlier?""",other_issues
725,2024-11-10,telegram,"""How do I get a bonus code""",bonus_issues
723,2024-11-10,telegram,"""The games would not load""",game_issues
713,2024-11-10,telegram,"""Why can‚Äôt cash out my bitcoin""",withdrawal_issues
2360,2024-11-10,livechat,"""Okay can you add something for the deposit that wasnt enough? Idc if it's like 10 freespins or something""",bonus_issues
728,2024-11-10,telegram,"""I sent a deposit but still hasn‚Äôt posted""",deposit_issues
68,2024-11-10,telegram,"""Is that actually Colin??""",other_issues
3714,2024-11-10,livechat,"""I'm missing an eth tx""",withdrawal_issues
3116,2024-11-10,livechat,"""Why are my withdrawl canceld??""",withdrawal_issues
1857,2024-11-10,livechat,"""Jmos mulm ms mila ‚ù§""",other_issues
1776,2024-11-10,livechat,"""Ill double check the details now""",other_issues
3318,2024-11-10,livechat,"""Ahh .I'll jus suck it up again .it's cool""",other_issues
1038,2024-11-10,telegram,"""If the fairness was true wouldn‚Äôt I get something in return ? Like literally , I spin 70 times on a game and win back 3 percent of bets played , buying 20 bonuses in a row and lose every one of them ? I don‚Äôt know, I‚Äôm not doubting ur team or who regulates ur game fairness, but maybe some kinds of kick back rewards other than two spins worth on the lowest bet and on the weakest games only? Sorry for taking ur time , I‚Äôll let you go , Goodmorning and enjoy your day""",bonus_issues
1038,2024-11-10,telegram,"""Is the telegram promotion available now? It said if I download it‚Äôs a bonus of 50 spins, also , I‚Äôve spend thousands on this casino and the winnings have been horrible, I don‚Äôt know why but it seems like it‚Äôs not a winning casino , it‚Äôs crazy how bad the slots AND cards are , sorry to bug you with my frustrations but I am annoyed how much money I‚Äôve thrown into ur casino and the bonuses are less and less and less , now I can‚Äôt even get my spins from ur promotion that said download and collect 50 spins for using telegram""",bonus_issues
4280,2024-11-10,livechat,"""I need to withdraw money but only have $48 in my account. How can remedy this?""",withdrawal_issues
2923,2024-11-10,livechat,"""I dont want to take this to a legal case, you say it was closed due to responsible gambling reasons while it shouldnt even be allowed to open an account in that period. I lost alot of money at multiple casino's and im now asking all of them for a small compensation instead of taking it to court.""",account_issues
5810,2024-11-10,livechat,"""Did you look into this or what""",other_issues
1699,2024-11-10,livechat,"""I've never had this with any other online casino""",other_issues
2936,2024-11-10,livechat,"""That's a total scam . Already 40 times is crazy but then u put a time on that when if ur someone who has a job and can't........nevermind....pointless to waste my time smh . Thanks""",other_issues
991,2024-11-10,livechat,"""I have made several deposits before literally two days ago infact and I have never had a problem it says it went through can you check on it for me please""",deposit_issues
4221,2024-11-10,livechat,"""perfect, thank you for your help!""",other_issues
3872,2024-11-10,livechat,"""No j can not abel aces anithing i can try from other phone""",technical_issues
4193,2024-11-10,livechat,"""If it was ur money u would want it fixed""",withdrawal_issues
3509,2024-11-10,livechat,"""Like how does this shit always happen to me""",other_issues
3831,2024-11-10,livechat,"""What's the difference""",other_issues
3669,2024-11-10,livechat,"""Ok but is there a reason that my bank isn't able 2 track the funds at all??""",payment_issues
3779,2024-11-10,livechat,"""Doesnt work""",technical_issues
3743,2024-11-11,livechat,"""Hi sorry I'm trying to find out if I filled right account details on Friday to get my withdrawal please. It should b in my account by now""",withdrawal_issues
3892,2024-11-11,livechat,"""include pokies? Thanks""",game_issues
4257,2024-11-11,livechat,"""Hey I am waiting on a withdrawl and you said you had processed your end but I contacted the bank and they said nothing in there""",withdrawal_issues
3025,2024-11-11,livechat,"""Dogecoin has skyrocketed in the last few hours, but I still deposited more than the minimum requirement.""",deposit_issues
788,2024-11-11,telegram,"""I don't have any other accounts""",account_issues
1337,2024-11-11,telegram,"""I'm not sure if you're trying to get someone back on with me or what but what I was trying to finish up ended up turning into something it wasn't meant to be, started heading to the left field while I was trying to explain what I wanted clarification with.  So that's why it's taking so long. Not to mention I started driving too""",other_issues
1618,2024-11-11,livechat,"""connect me""",other_issues
4407,2024-11-11,livechat,"""No i dont think so""",other_issues
3967,2024-11-11,livechat,"""All I clicked was collect*""",game_issues
3704,2024-11-11,livechat,"""I'm speaking with gaming commission now so it's to late. My lawyer is gona have fun with u guys .""",other_issues
1761,2024-11-11,livechat,"""Can I speak to the head supervisor""",other_issues
3043,2024-11-11,livechat,"""Ohh okay so only when we withdrawal we get verified? Is that correct?""",withdrawal_issues
2783,2024-11-11,livechat,"""All my win is just gone""",withdrawal_issues
3522,2024-11-11,livechat,"""The picture you sent me shows thaat i recieved the $220 cash out only""",withdrawal_issues
316,2024-11-11,telegram,"""I was in the middle of a game and halfway through a big win and the game errored out. I have a screen ahot""",game_issues
3719,2024-11-11,livechat,"""how do I withdraw""",withdrawal_issues
243,2024-11-11,telegram,"""From my calculations I should‚Äôve received about $125 in LTC cashback as well as the 200+ dollars I got on the Dodge deposit""",bonus_issues
811,2024-11-11,telegram,"""Thank you kind sir""",other_issues
811,2024-11-11,telegram,"""Says Cash out failed""",withdrawal_issues
3506,2024-11-11,livechat,"""can I speak  with real customer?""",other_issues
4247,2024-11-11,livechat,"""Verifcate my acc""",account_issues
4304,2024-11-11,livechat,"""Is on 7 nov""",other_issues
1499,2024-11-11,livechat,"""Ok great ty""",other_issues
1281,2024-11-11,livechat,"""My money sent how come I haven't received it yet""",withdrawal_issues
830,2024-11-11,telegram,"""I changed my phone number I‚Äôd like to update it""",account_issues
1222,2024-11-11,telegram,"""My account balance was changing anyhow so I logged out and log back in and notice my account balance down""",account_issues
1343,2024-11-11,livechat,"""I didnt received the 25% cashback""",bonus_issues
3360,2024-11-11,livechat,"""I havnt used them on a real casino!""",other_issues
4094,2024-11-11,livechat,"""I didn‚Äôt receive the 25% bonus""",bonus_issues
4538,2024-11-11,livechat,"""Than i want my money back before i make a trubble for you""",withdrawal_issues
3970,2024-11-11,livechat,"""25% cash back""",bonus_issues
4371,2024-11-11,livechat,"""trust me i have a lot of fans that watch me""",other_issues
3391,2024-11-11,livechat,"""similar details also?""",other_issues
1091,2024-11-11,livechat,"""pls send me to a specialised person, i got a link before but that does not work right now""",technical_issues
3722,2024-11-11,livechat,"""I now don't feel safe having an account on because don't know what other information has been stolen and my data my be at risk as well as my bank details""",account_issues
739,2024-11-11,livechat,"""It says pending""",payment_issues
4169,2024-11-11,livechat,"""I already tried activating it myself but it didnt activate""",technical_issues
3954,2024-11-11,livechat,"""Lol okay that‚Äôs crazy but alright thanks""",other_issues
3189,2024-11-11,livechat,"""That was a promotion all weekend""",bonus_issues
3789,2024-11-11,livechat,"""according to what I get""",other_issues
3476,2024-11-11,livechat,"""How much more do I have to bet before I can cash out""",withdrawal_issues
4324,2024-11-11,livechat,"""i lost a lot. What do you mean? Every time I loaded, I lost""",game_issues
4584,2024-11-11,livechat,"""the payment was done and booked and here it‚Äôs cancelled""",payment_issues
3288,2024-11-11,livechat,"""I had no idea i thought the bonus is the last money on the account""",bonus_issues
3901,2024-11-11,livechat,"""As this does not reflect what happened, especially when you started saying you saw no game rounds on blackjack""",game_issues
4492,2024-11-11,livechat,"""Ok let me try n sign in.""",login_issues
3691,2024-11-11,livechat,"""Well I used my promo code when I deposited money on to my account""",bonus_issues
4147,2024-11-11,livechat,"""Hi. Will you help me with the freespins, please? Promo CHIPY35""",bonus_issues
3787,2024-11-11,livechat,"""hi Dave, I have sponek with support about my money disapearing from my account""",withdrawal_issues
3340,2024-11-11,livechat,"""So what you are asking me to ask PayPal if there is a payment coming to an address I have never used""",payment_issues
4271,2024-11-11,livechat,"""can transfer to other agent""",other_issues
4592,2024-11-11,livechat,"""and I am dead set sick to death of it just pay me my money already""",withdrawal_issues
3625,2024-11-11,livechat,"""where on the TOS does it say to not play my spins on certain ip adresses???""",account_issues
4198,2024-11-12,livechat,"""really nah I want my winnings deposited into. my bank now then im fucking dead set sick of being fucked around""",withdrawal_issues
3675,2024-11-12,livechat,"""As of right now how much is 0.0001 worth in USD""",other_issues
3677,2024-11-12,livechat,"""forgot to click send""",other_issues
3264,2024-11-12,livechat,"""what did you send""",other_issues
3872,2024-11-12,livechat,"""I never received the 3rd set of my sign up free spins""",bonus_issues
2460,2024-11-12,livechat,"""I swear that is the craziest thing I've ever heard of I've literally been trying to get this thing since it's started and now that I've hit it the fact that because I used the gamble feature and  landed on it so I can't get it is really disheartening considering how many times I have played and how much money I have spent on this app""",bonus_issues
4243,2024-11-12,livechat,"""Like I don‚Äôt need to do anything else?""",other_issues
2129,2024-11-12,livechat,"""It used to be that $5 was the minimum you could deposit when did that change""",deposit_issues
2701,2024-11-12,livechat,"""Another thing is there's no option for the United States in your list of countries that's where I'm from and somehow I clicked Algeria and I don't it won't let me change it so can you talk me through that process I left a note with my ID that said I'm from Ohio in the United States""",account_issues
3254,2024-11-12,livechat,"""give  me my money""",withdrawal_issues
3713,2024-11-12,livechat,"""Withdrawal to PayPal wallet,""",withdrawal_issues
4191,2024-11-12,livechat,"""Still not working""",technical_issues
1245,2024-11-12,livechat,"""Okay cool thank you heaps for your help , early Xmas for me üòÇüòÇ""",other_issues
904,2024-11-12,telegram,"""I would like to play but i dont understand it""",game_issues
4264,2024-11-12,livechat,"""Hello, I was directed to having to edit my profile before I can play any games and now it wanted me to fill in my profile information and it froze up on me and your guys are the ones that changed it not me. Do I put my information in please""",account_issues
3393,2024-11-12,livechat,"""I did not fill that in""",other_issues
3721,2024-11-12,livechat,"""It's says my account is disabled""",account_issues
4168,2024-11-12,livechat,"""can you return the money to my account""",withdrawal_issues
3343,2024-11-12,livechat,"""Ok I‚Äôll keep waiting then ;)""",other_issues
